frame,label,x1,y1,x2,y2
51,,,,,
53,,,,,
54,,,,,
56,,,,,
58,,,,,
59,,,,,
61,,,,,
63,,,,,
65,,,,,
66,,,,,
68,,,,,
70,,,,,
71,,,,,
73,,,,,
75,,,,,
76,,,,,
78,,,,,
80,,,,,
81,,,,,
83,,,,,
85,,,,,
86,,,,,
88,,,,,
90,,,,,
92,,,,,
93,,,,,
95,,,,,
97,,,,,
98,,,,,
100,,,,,
301,,,,,
303,,,,,
304,,,,,
306,,,,,
308,,,,,
309,,,,,
311,,,,,
313,,,,,
315,,,,,
316,,,,,
318,,,,,
320,,,,,
321,,,,,
323,,,,,
325,,,,,
326,,,,,
328,,,,,
330,,,,,
331,,,,,
333,,,,,
335,,,,,
336,,,,,
338,,,,,
340,,,,,
342,,,,,
343,,,,,
345,,,,,
347,,,,,
348,,,,,
350,,,,,
401,,,,,
403,,,,,
404,,,,,
406,,,,,
408,,,,,
409,,,,,
411,,,,,
413,,,,,
415,,,,,
416,,,,,
418,,,,,
420,,,,,
421,,,,,
423,,,,,
425,,,,,
426,,,,,
428,,,,,
430,,,,,
431,,,,,
433,,,,,
435,,,,,
436,,,,,
438,,,,,
440,,,,,
442,,,,,
443,,,,,
445,,,,,
447,,,,,
448,,,,,
450,,,,,
451,,,,,
453,,,,,
454,,,,,
456,,,,,
458,,,,,
459,,,,,
461,,,,,
463,,,,,
465,,,,,
466,,,,,
468,,,,,
470,,,,,
471,,,,,
473,,,,,
475,,,,,
476,,,,,
478,,,,,
480,,,,,
481,,,,,
483,,,,,
485,,,,,
486,,,,,
488,,,,,
490,,,,,
492,,,,,
493,,,,,
495,,,,,
497,,,,,
498,,,,,
500,,,,,
601,,,,,
603,,,,,
604,,,,,
606,,,,,
608,,,,,
609,,,,,
611,,,,,
613,,,,,
615,,,,,
616,,,,,
618,,,,,
620,,,,,
621,,,,,
623,,,,,
625,,,,,
626,,,,,
628,,,,,
630,,,,,
631,,,,,
633,,,,,
635,,,,,
636,,,,,
638,,,,,
640,,,,,
642,,,,,
643,,,,,
645,,,,,
647,,,,,
648,,,,,
650,,,,,
