clip,frame,truth_present,accepted,correct,dist_frac,mode_before,p_hand
CloseDarkStill.mp4,1,True,False,False,,REACQUIRE,
CloseDarkStill.mp4,2,True,False,False,,REACQUIRE,
CloseDarkStill.mp4,3,True,False,False,,REACQUIRE,
CloseDarkStill.mp4,4,True,False,False,,REACQUIRE,
CloseDarkStill.mp4,5,True,True,True,0.06453,REACQUIRE,
CloseDarkStill.mp4,6,True,True,True,0.057162,REACQUIRE,
CloseDarkStill.mp4,7,True,True,True,0.080714,TRACK,0.821048
CloseDarkStill.mp4,8,True,True,True,0.061766,TRACK,0.999662
CloseDarkStill.mp4,9,True,True,True,0.072008,TRACK,0.999974
CloseDarkStill.mp4,10,True,False,False,,TRACK,
CloseDarkStill.mp4,11,True,True,True,0.07006,TRACK,0.999433
CloseDarkStill.mp4,12,True,True,True,0.064277,TRACK,0.994505
CloseDarkStill.mp4,13,True,True,True,0.07587,TRACK,0.999976
CloseDarkStill.mp4,14,True,True,True,0.066062,TRACK,0.99629
CloseDarkStill.mp4,15,True,True,True,0.069923,TRACK,0.99932
CloseDarkStill.mp4,16,True,True,True,0.05879,TRACK,0.999808
CloseDarkStill.mp4,17,True,True,True,0.075102,TRACK,0.999137
CloseDarkStill.mp4,18,True,True,True,0.060254,TRACK,0.821817
CloseDarkStill.mp4,19,True,True,True,0.062686,TRACK,0.999996
CloseDarkStill.mp4,20,True,True,True,0.078018,TRACK,0.999775
CloseDarkStill.mp4,21,True,True,True,0.066106,TRACK,0.999975
CloseDarkStill.mp4,22,True,True,True,0.060478,TRACK,0.998889
CloseDarkStill.mp4,23,True,True,True,0.067538,TRACK,0.997065
CloseDarkStill.mp4,24,True,True,True,0.068728,TRACK,1.0
CloseDarkStill.mp4,25,True,True,True,0.067522,TRACK,0.999257
CloseDarkStill.mp4,26,True,True,True,0.067822,TRACK,0.965717
CloseDarkStill.mp4,27,True,True,True,0.079009,TRACK,0.997847
CloseDarkStill.mp4,28,True,True,True,0.067669,TRACK,0.861395
CloseDarkStill.mp4,29,True,False,False,,TRACK,
CloseDarkStill.mp4,30,True,True,True,0.074087,TRACK,0.999977
CloseDarkStill.mp4,31,True,True,True,0.071255,TRACK,0.999959
CloseDarkStill.mp4,32,True,False,False,,TRACK,
CloseDarkStill.mp4,33,True,True,True,0.072492,TRACK,0.967493
CloseDarkStill.mp4,34,True,True,True,0.077208,TRACK,0.999948
CloseDarkStill.mp4,35,True,True,True,0.070236,TRACK,0.999734
CloseDarkStill.mp4,36,True,True,True,0.056778,TRACK,0.999949
CloseDarkStill.mp4,37,True,True,True,0.069169,TRACK,0.974492
CloseDarkStill.mp4,38,True,True,True,0.07385,TRACK,0.999765
CloseDarkStill.mp4,39,True,True,True,0.067555,TRACK,0.997482
CloseDarkStill.mp4,40,True,True,True,0.070826,TRACK,0.9989
CloseDarkStill.mp4,41,True,True,True,0.055338,TRACK,0.991972
CloseDarkStill.mp4,42,True,True,True,0.068715,TRACK,0.991969
CloseDarkStill.mp4,43,True,True,True,0.065551,TRACK,0.999858
CloseDarkStill.mp4,44,True,True,True,0.074866,TRACK,0.999968
CloseDarkStill.mp4,45,True,True,True,0.056777,TRACK,0.625028
CloseDarkStill.mp4,46,True,True,True,0.075618,TRACK,0.999999
CloseDarkStill.mp4,47,True,False,False,,TRACK,
CloseDarkStill.mp4,48,True,False,False,,TRACK,
CloseDarkStill.mp4,49,True,True,True,0.066054,TRACK,0.994668
CloseDarkStill.mp4,50,True,True,True,0.064478,TRACK,0.999991
CloseDarkStill.mp4,51,True,False,False,,TRACK,
CloseDarkStill.mp4,52,True,True,True,0.073899,TRACK,0.998645
CloseDarkStill.mp4,53,True,True,True,0.066572,TRACK,0.999064
CloseDarkStill.mp4,54,True,True,True,0.071341,TRACK,0.999458
CloseDarkStill.mp4,55,True,True,True,0.044359,TRACK,0.999986
CloseDarkStill.mp4,56,True,False,False,,TRACK,
CloseDarkStill.mp4,57,True,True,True,0.052126,TRACK,0.968225
CloseDarkStill.mp4,58,True,True,True,0.080402,TRACK,1.0
CloseDarkStill.mp4,59,True,True,True,0.067474,TRACK,0.999974
CloseDarkStill.mp4,60,True,True,True,0.061634,TRACK,0.996582
CloseDarkStill.mp4,61,True,True,True,0.039709,TRACK,0.753217
CloseDarkStill.mp4,62,True,True,True,0.061392,TRACK,0.999974
CloseDarkStill.mp4,63,True,True,True,0.059002,TRACK,0.998723
CloseDarkStill.mp4,64,True,True,True,0.059502,TRACK,0.999755
CloseDarkStill.mp4,65,True,True,True,0.055389,TRACK,0.995192
CloseDarkStill.mp4,66,True,False,False,,TRACK,
CloseDarkStill.mp4,67,True,True,True,0.064854,TRACK,0.665528
CloseDarkStill.mp4,68,True,True,True,0.069635,TRACK,0.999968
CloseDarkStill.mp4,69,True,False,False,,TRACK,
CloseDarkStill.mp4,70,True,True,True,0.056837,TRACK,0.976076
CloseDarkStill.mp4,71,True,True,True,0.06705,TRACK,0.931936
CloseDarkStill.mp4,72,True,True,True,0.055375,TRACK,0.699184
CloseDarkStill.mp4,73,True,True,True,0.062274,TRACK,0.993706
CloseDarkStill.mp4,74,True,True,True,0.060472,TRACK,0.955506
CloseDarkStill.mp4,75,True,True,True,0.07006,TRACK,0.997452
CloseDarkStill.mp4,76,True,True,True,0.060255,TRACK,0.75601
CloseDarkStill.mp4,77,True,True,True,0.055798,TRACK,0.994909
CloseDarkStill.mp4,78,True,False,False,,TRACK,
CloseDarkStill.mp4,79,True,True,True,0.06352,TRACK,0.998877
CloseDarkStill.mp4,80,True,False,False,,TRACK,
CloseDarkStill.mp4,81,True,False,False,,TRACK,
CloseDarkStill.mp4,82,True,True,True,0.059763,TRACK,0.998184
CloseDarkStill.mp4,83,True,True,True,0.056427,TRACK,0.905869
CloseDarkStill.mp4,84,True,True,True,0.068522,TRACK,0.999627
CloseDarkStill.mp4,85,True,True,True,0.071154,TRACK,0.999989
CloseDarkStill.mp4,86,True,True,True,0.063536,TRACK,0.991343
CloseDarkStill.mp4,87,True,True,True,0.060983,TRACK,0.999168
CloseDarkStill.mp4,88,True,True,True,0.069915,TRACK,0.845734
CloseDarkStill.mp4,89,True,True,True,0.073597,TRACK,0.986461
CloseDarkStill.mp4,90,True,False,False,,TRACK,
CloseDarkStill.mp4,91,True,True,True,0.072528,TRACK,0.999254
CloseDarkStill.mp4,92,True,True,True,0.080119,TRACK,0.999501
CloseDarkStill.mp4,93,True,True,True,0.063719,TRACK,0.999671
CloseDarkStill.mp4,94,True,True,True,0.07126,TRACK,0.999864
CloseLightMoving.mp4,1,True,False,False,,REACQUIRE,
CloseLightMoving.mp4,2,True,False,False,,REACQUIRE,
CloseLightMoving.mp4,3,True,False,False,,REACQUIRE,
CloseLightMoving.mp4,4,True,False,False,,REACQUIRE,
CloseLightMoving.mp4,5,True,True,True,0.061994,REACQUIRE,
CloseLightMoving.mp4,6,True,True,True,0.082931,REACQUIRE,
CloseLightMoving.mp4,7,True,True,False,0.097446,TRACK,0.95941
CloseLightMoving.mp4,8,True,True,True,0.089669,TRACK,1.0
CloseLightMoving.mp4,9,True,True,True,0.083511,TRACK,1.0
CloseLightMoving.mp4,10,True,True,True,0.078401,TRACK,1.0
CloseLightMoving.mp4,11,True,True,True,0.072317,TRACK,1.0
CloseLightMoving.mp4,12,True,False,False,,TRACK,
CloseLightMoving.mp4,13,True,True,True,0.067151,TRACK,0.999999
CloseLightMoving.mp4,14,True,True,True,0.082296,TRACK,0.999999
CloseLightMoving.mp4,15,True,True,True,0.084502,TRACK,1.0
CloseLightMoving.mp4,16,True,True,False,0.097439,TRACK,0.999995
CloseLightMoving.mp4,17,True,True,False,0.113232,TRACK,0.999479
CloseLightMoving.mp4,18,True,True,False,0.105534,TRACK,0.999995
CloseLightMoving.mp4,19,True,True,True,0.093889,TRACK,1.0
CloseLightMoving.mp4,20,True,True,True,0.089634,TRACK,1.0
CloseLightMoving.mp4,21,True,True,True,0.098505,TRACK,0.999998
CloseLightMoving.mp4,22,True,True,True,0.089693,TRACK,0.99871
CloseLightMoving.mp4,23,True,True,True,0.089016,TRACK,0.999999
CloseLightMoving.mp4,24,True,True,True,0.087904,TRACK,0.999996
CloseLightMoving.mp4,25,True,True,True,0.076573,TRACK,0.999964
CloseLightMoving.mp4,26,True,True,True,0.062019,TRACK,1.0
CloseLightMoving.mp4,27,True,True,True,0.060017,TRACK,1.0
CloseLightMoving.mp4,28,True,True,True,0.061812,TRACK,1.0
CloseLightMoving.mp4,29,True,True,True,0.059888,TRACK,1.0
CloseLightMoving.mp4,30,True,True,True,0.060639,TRACK,1.0
CloseLightMoving.mp4,31,True,True,True,0.069948,TRACK,0.999999
CloseLightMoving.mp4,32,True,True,True,0.073549,TRACK,0.999993
CloseLightMoving.mp4,33,True,True,True,0.068936,TRACK,1.0
CloseLightMoving.mp4,34,True,True,True,0.078586,TRACK,0.999681
CloseLightMoving.mp4,35,True,True,True,0.0717,TRACK,1.0
CloseLightMoving.mp4,36,True,True,True,0.069401,TRACK,0.999478
CloseLightMoving.mp4,37,True,True,True,0.050898,TRACK,1.0
CloseLightMoving.mp4,38,True,True,True,0.045564,TRACK,1.0
CloseLightMoving.mp4,39,True,True,True,0.048453,TRACK,1.0
CloseLightMoving.mp4,40,True,True,True,0.045996,TRACK,1.0
CloseLightMoving.mp4,41,True,True,True,0.047813,TRACK,1.0
CloseLightMoving.mp4,42,True,True,True,0.050295,TRACK,1.0
CloseLightMoving.mp4,43,True,True,True,0.056604,TRACK,1.0
CloseLightMoving.mp4,44,True,True,True,0.055806,TRACK,1.0
CloseLightMoving.mp4,45,True,True,True,0.060559,TRACK,1.0
CloseLightMoving.mp4,46,True,True,True,0.06202,TRACK,1.0
CloseLightMoving.mp4,47,True,True,True,0.079527,TRACK,1.0
CloseLightMoving.mp4,48,True,True,True,0.061053,TRACK,0.979652
CloseLightMoving.mp4,49,True,True,True,0.059833,TRACK,1.0
CloseLightMoving.mp4,50,True,True,True,0.070356,TRACK,0.999665
CloseLightMoving.mp4,51,True,True,True,0.074689,TRACK,0.999993
CloseLightMoving.mp4,52,True,True,True,0.062519,TRACK,1.0
CloseLightMoving.mp4,53,True,True,True,0.070173,TRACK,1.0
CloseLightMoving.mp4,54,True,True,True,0.073758,TRACK,1.0
CloseLightMoving.mp4,55,True,True,True,0.073529,TRACK,1.0
CloseLightMoving.mp4,56,True,True,True,0.070229,TRACK,1.0
CloseLightMoving.mp4,57,True,True,True,0.067715,TRACK,1.0
CloseLightMoving.mp4,58,True,True,True,0.07,TRACK,1.0
CloseLightMoving.mp4,59,True,True,True,0.072235,TRACK,1.0
CloseLightMoving.mp4,60,True,True,True,0.071942,TRACK,1.0
CloseLightMoving.mp4,61,True,True,True,0.064695,TRACK,1.0
CloseLightMoving.mp4,62,True,True,True,0.064839,TRACK,1.0
CloseLightMoving.mp4,63,True,True,True,0.065108,TRACK,1.0
CloseLightMoving.mp4,64,True,True,True,0.063439,TRACK,1.0
CloseLightMoving.mp4,65,True,True,True,0.063518,TRACK,1.0
CloseLightMoving.mp4,66,True,True,True,0.06527,TRACK,1.0
CloseLightMoving.mp4,67,True,True,True,0.065224,TRACK,1.0
CloseLightMoving.mp4,68,True,True,True,0.067371,TRACK,1.0
CloseLightMoving.mp4,69,True,True,True,0.068464,TRACK,1.0
CloseLightMoving.mp4,70,True,True,True,0.075785,TRACK,1.0
CloseLightMoving.mp4,71,True,True,True,0.072252,TRACK,1.0
CloseLightMoving.mp4,72,True,True,True,0.072393,TRACK,1.0
CloseLightMoving.mp4,73,True,True,True,0.068171,TRACK,1.0
CloseLightMoving.mp4,74,True,True,True,0.081899,TRACK,1.0
CloseLightMoving.mp4,75,True,True,True,0.084386,TRACK,1.0
CloseLightMoving.mp4,76,True,True,True,0.076395,TRACK,1.0
CloseLightMoving.mp4,77,True,True,True,0.068977,TRACK,1.0
CloseLightMoving.mp4,78,True,True,True,0.062601,TRACK,1.0
CloseLightMoving.mp4,79,True,True,True,0.059029,TRACK,1.0
CloseLightMoving.mp4,80,True,True,True,0.063296,TRACK,1.0
CloseLightMoving.mp4,81,True,True,True,0.063527,TRACK,1.0
CloseLightMoving.mp4,82,True,True,True,0.061422,TRACK,1.0
CloseLightMoving.mp4,83,True,True,True,0.058363,TRACK,1.0
CloseLightMoving.mp4,84,True,True,True,0.058475,TRACK,1.0
CloseLightMoving.mp4,85,True,True,True,0.052957,TRACK,1.0
CloseLightMoving.mp4,86,True,True,True,0.063269,TRACK,1.0
CloseLightMoving.mp4,87,True,True,True,0.074581,TRACK,1.0
CloseLightMoving.mp4,88,True,True,True,0.066475,TRACK,1.0
CloseLightMoving.mp4,89,True,True,True,0.075431,TRACK,1.0
CloseLightMoving.mp4,90,True,True,True,0.08062,TRACK,1.0
CloseLightMoving.mp4,91,True,True,True,0.073597,TRACK,1.0
CloseLightMoving.mp4,92,True,True,True,0.065427,TRACK,1.0
CloseLightMoving.mp4,93,True,True,True,0.061522,TRACK,1.0
CloseLightMoving.mp4,94,True,True,True,0.058212,TRACK,1.0
CloseLightMoving.mp4,95,True,True,True,0.061198,TRACK,1.0
CloseLightMoving.mp4,96,True,True,True,0.055038,TRACK,0.999445
CloseLightMoving.mp4,97,True,True,True,0.045482,TRACK,0.995936
CloseLightMoving.mp4,98,True,True,True,0.051217,TRACK,0.999987
CloseLightMoving.mp4,99,True,False,False,,TRACK,
CloseLightMoving.mp4,100,True,False,False,,TRACK,
CloseLightMoving.mp4,101,True,True,False,0.127229,TRACK,0.995233
CloseLightMoving.mp4,102,True,True,False,0.162756,TRACK,0.9957
CloseLightMoving.mp4,103,True,True,False,0.110337,TRACK,1.0
CloseLightMoving.mp4,104,True,True,False,0.086941,TRACK,1.0
CloseLightMoving.mp4,105,True,True,False,0.087426,TRACK,0.999999
CloseLightMoving.mp4,106,True,True,False,0.090483,TRACK,0.999993
CloseLightMoving.mp4,107,True,True,False,0.090231,TRACK,0.999999
CloseLightMoving.mp4,108,True,True,True,0.08028,TRACK,1.0
CloseLightMoving.mp4,109,True,True,False,0.091886,TRACK,1.0
CloseLightMoving.mp4,110,True,True,True,0.089684,TRACK,1.0
CloseLightMoving.mp4,111,True,True,True,0.070607,TRACK,1.0
CloseLightMoving.mp4,112,True,True,True,0.070868,TRACK,1.0
CloseLightMoving.mp4,113,True,True,True,0.075026,TRACK,1.0
CloseLightMoving.mp4,114,True,True,True,0.062315,TRACK,1.0
CloseLightMoving.mp4,115,True,True,True,0.063721,TRACK,1.0
CloseLightMoving.mp4,116,True,True,True,0.059378,TRACK,1.0
CloseLightMoving.mp4,117,True,True,True,0.066169,TRACK,1.0
CloseLightMoving.mp4,118,True,True,True,0.060795,TRACK,0.999993
CloseLightMoving.mp4,119,True,True,True,0.055105,TRACK,1.0
CloseLightMoving.mp4,120,True,True,True,0.063136,TRACK,1.0
CloseLightMoving.mp4,121,True,True,True,0.061266,TRACK,1.0
CloseLightMoving.mp4,122,True,True,True,0.060829,TRACK,1.0
CloseLightMoving.mp4,123,True,True,True,0.062413,TRACK,1.0
CloseLightMoving.mp4,124,True,True,True,0.059507,TRACK,1.0
CloseLightMoving.mp4,125,True,True,True,0.07095,TRACK,1.0
CloseLightMoving.mp4,126,True,True,True,0.067958,TRACK,1.0
CloseLightMoving.mp4,127,True,True,True,0.053213,TRACK,1.0
CloseLightMoving.mp4,128,True,True,True,0.062451,TRACK,1.0
CloseLightMoving.mp4,129,True,True,True,0.056935,TRACK,1.0
CloseLightMoving.mp4,130,True,True,True,0.048181,TRACK,1.0
CloseLightMoving.mp4,131,True,True,True,0.057146,TRACK,1.0
CloseLightMoving.mp4,132,True,True,False,0.080566,TRACK,1.0
CloseLightMoving.mp4,133,True,True,False,0.082319,TRACK,1.0
CloseLightMoving.mp4,134,True,True,True,0.073633,TRACK,0.999965
CloseLightMoving.mp4,135,True,True,True,0.05701,TRACK,1.0
CloseLightMoving.mp4,136,True,True,True,0.063214,TRACK,1.0
CloseLightMoving.mp4,137,True,True,True,0.059791,TRACK,1.0
CloseLightMoving.mp4,138,True,True,True,0.05823,TRACK,1.0
CloseLightMoving.mp4,139,True,True,True,0.054033,TRACK,1.0
CloseLightMoving.mp4,140,True,True,True,0.055307,TRACK,1.0
CloseLightMoving.mp4,141,True,True,True,0.056427,TRACK,1.0
CloseLightMoving.mp4,142,True,True,True,0.052609,TRACK,1.0
CloseLightMoving.mp4,143,True,True,True,0.053491,TRACK,1.0
CloseLightMoving.mp4,144,True,True,True,0.024346,TRACK,1.0
CloseLightMoving.mp4,145,True,False,False,,TRACK,
CloseLightMoving.mp4,146,True,True,True,0.045902,TRACK,1.0
CloseLightMoving.mp4,147,True,True,True,0.052694,TRACK,1.0
CloseLightMoving.mp4,148,True,True,True,0.054931,TRACK,1.0
CloseLightMoving.mp4,149,True,True,True,0.076491,TRACK,1.0
CloseLightMoving.mp4,150,True,True,True,0.059942,TRACK,1.0
CloseLightMoving.mp4,151,True,True,True,0.057424,TRACK,1.0
CloseLightMoving.mp4,152,True,True,True,0.0533,TRACK,1.0
CloseLightMoving.mp4,153,True,True,True,0.060342,TRACK,1.0
CloseLightMoving.mp4,154,True,True,True,0.076174,TRACK,0.999996
CloseLightMoving.mp4,155,True,True,True,0.071786,TRACK,1.0
CloseLightMoving.mp4,156,True,True,True,0.069373,TRACK,1.0
CloseLightMoving.mp4,157,True,True,True,0.072243,TRACK,1.0
CloseLightMoving.mp4,158,True,True,True,0.063503,TRACK,1.0
CloseLightMoving.mp4,159,True,True,True,0.066874,TRACK,1.0
CloseLightMoving.mp4,160,True,True,True,0.058704,TRACK,1.0
CloseLightMoving.mp4,161,True,True,True,0.058364,TRACK,1.0
CloseLightMoving.mp4,162,True,True,True,0.057822,TRACK,0.999998
CloseLightMoving.mp4,163,True,True,True,0.063092,TRACK,0.967325
CloseLightMoving.mp4,164,True,True,False,0.092187,TRACK,1.0
CloseLightMoving.mp4,165,True,True,False,0.083939,TRACK,0.999996
CloseLightMoving.mp4,166,True,True,True,0.064815,TRACK,1.0
CloseLightMoving.mp4,167,True,True,False,0.091387,TRACK,0.990333
CloseLightMoving.mp4,168,True,False,False,,TRACK,
CloseLightMoving.mp4,169,True,True,False,0.148844,TRACK,0.918284
CloseLightMoving.mp4,170,True,True,False,0.133444,TRACK,0.999976
CloseLightMoving.mp4,171,True,False,False,,TRACK,
CloseLightMoving.mp4,172,True,True,True,0.053432,TRACK,1.0
CloseLightMoving.mp4,173,True,True,True,0.053157,TRACK,0.999995
CloseLightMoving.mp4,174,True,True,True,0.054645,TRACK,1.0
CloseLightStill.mp4,1,True,False,False,,REACQUIRE,
CloseLightStill.mp4,2,True,False,False,,REACQUIRE,
CloseLightStill.mp4,3,True,False,False,,REACQUIRE,
CloseLightStill.mp4,4,True,False,False,,REACQUIRE,
CloseLightStill.mp4,5,True,False,False,,REACQUIRE,
CloseLightStill.mp4,6,True,False,False,,REACQUIRE,
CloseLightStill.mp4,7,True,False,False,,REACQUIRE,
CloseLightStill.mp4,8,True,False,False,,REACQUIRE,
CloseLightStill.mp4,9,True,False,False,,REACQUIRE,
CloseLightStill.mp4,10,True,False,False,,REACQUIRE,
CloseLightStill.mp4,11,True,False,False,,REACQUIRE,
CloseLightStill.mp4,12,True,False,False,,REACQUIRE,
CloseLightStill.mp4,13,True,False,False,,REACQUIRE,
CloseLightStill.mp4,14,True,False,False,,REACQUIRE,
CloseLightStill.mp4,15,True,False,False,,REACQUIRE,
CloseLightStill.mp4,16,True,False,False,,REACQUIRE,
CloseLightStill.mp4,17,True,False,False,,REACQUIRE,
CloseLightStill.mp4,18,True,False,False,,REACQUIRE,
CloseLightStill.mp4,19,True,False,False,,REACQUIRE,
CloseLightStill.mp4,20,True,False,False,,REACQUIRE,
CloseLightStill.mp4,21,True,False,False,,REACQUIRE,
CloseLightStill.mp4,22,True,False,False,,REACQUIRE,
CloseLightStill.mp4,23,True,False,False,,REACQUIRE,
CloseLightStill.mp4,24,True,False,False,,REACQUIRE,
CloseLightStill.mp4,25,True,False,False,,REACQUIRE,
CloseLightStill.mp4,26,True,False,False,,REACQUIRE,
CloseLightStill.mp4,27,True,False,False,,REACQUIRE,
CloseLightStill.mp4,28,True,False,False,,REACQUIRE,
CloseLightStill.mp4,29,True,False,False,,REACQUIRE,
CloseLightStill.mp4,30,True,True,True,0.074388,REACQUIRE,
CloseLightStill.mp4,31,True,True,True,0.072643,REACQUIRE,
CloseLightStill.mp4,32,True,True,True,0.045124,TRACK,1.0
CloseLightStill.mp4,33,True,True,True,0.044856,TRACK,1.0
CloseLightStill.mp4,34,True,True,True,0.047701,TRACK,1.0
CloseLightStill.mp4,35,True,True,True,0.04552,TRACK,1.0
CloseLightStill.mp4,36,True,True,True,0.04823,TRACK,1.0
CloseLightStill.mp4,37,True,True,True,0.046293,TRACK,1.0
CloseLightStill.mp4,38,True,True,True,0.043558,TRACK,1.0
CloseLightStill.mp4,39,True,True,True,0.045772,TRACK,1.0
CloseLightStill.mp4,40,True,True,True,0.046324,TRACK,1.0
CloseLightStill.mp4,41,True,True,True,0.047,TRACK,1.0
CloseLightStill.mp4,42,True,True,True,0.046979,TRACK,1.0
CloseLightStill.mp4,43,True,True,True,0.049752,TRACK,1.0
CloseLightStill.mp4,44,True,True,True,0.048802,TRACK,1.0
CloseLightStill.mp4,45,True,True,True,0.048854,TRACK,1.0
CloseLightStill.mp4,46,True,True,True,0.048466,TRACK,1.0
CloseLightStill.mp4,47,True,True,True,0.050723,TRACK,1.0
CloseLightStill.mp4,48,True,True,True,0.049172,TRACK,1.0
CloseLightStill.mp4,49,True,True,True,0.048471,TRACK,1.0
CloseLightStill.mp4,50,True,True,True,0.048203,TRACK,1.0
CloseLightStill.mp4,51,True,True,True,0.046713,TRACK,1.0
CloseLightStill.mp4,52,True,True,True,0.047979,TRACK,1.0
CloseLightStill.mp4,53,True,True,True,0.048599,TRACK,1.0
CloseLightStill.mp4,54,True,True,True,0.051298,TRACK,1.0
CloseLightStill.mp4,55,True,True,True,0.049188,TRACK,1.0
CloseLightStill.mp4,56,True,True,True,0.046106,TRACK,1.0
CloseLightStill.mp4,57,True,True,True,0.047973,TRACK,1.0
CloseLightStill.mp4,58,True,True,True,0.050142,TRACK,1.0
CloseLightStill.mp4,59,True,True,True,0.048579,TRACK,1.0
CloseLightStill.mp4,60,True,True,True,0.04779,TRACK,1.0
CloseLightStill.mp4,61,True,True,True,0.045398,TRACK,1.0
CloseLightStill.mp4,62,True,True,True,0.044953,TRACK,1.0
CloseLightStill.mp4,63,True,True,True,0.047206,TRACK,1.0
CloseLightStill.mp4,64,True,True,True,0.047658,TRACK,1.0
CloseLightStill.mp4,65,True,True,True,0.047075,TRACK,1.0
CloseLightStill.mp4,66,True,True,True,0.046441,TRACK,1.0
CloseLightStill.mp4,67,True,True,True,0.047423,TRACK,1.0
CloseLightStill.mp4,68,True,True,True,0.047275,TRACK,1.0
CloseLightStill.mp4,69,True,True,True,0.048706,TRACK,1.0
CloseLightStill.mp4,70,True,True,True,0.047786,TRACK,1.0
CloseLightStill.mp4,71,True,True,True,0.047879,TRACK,1.0
CloseLightStill.mp4,72,True,True,True,0.047237,TRACK,1.0
CloseLightStill.mp4,73,True,True,True,0.049173,TRACK,1.0
CloseLightStill.mp4,74,True,True,True,0.050074,TRACK,1.0
CloseLightStill.mp4,75,True,True,True,0.048972,TRACK,1.0
CloseLightStill.mp4,76,True,True,True,0.047876,TRACK,1.0
CloseLightStill.mp4,77,True,True,True,0.047789,TRACK,1.0
CloseLightStill.mp4,78,True,True,True,0.046422,TRACK,1.0
CloseLightStill.mp4,79,True,True,True,0.046542,TRACK,1.0
CloseLightStill.mp4,80,True,True,True,0.047315,TRACK,1.0
CloseLightStill.mp4,81,True,True,True,0.047175,TRACK,1.0
CloseLightStill.mp4,82,True,True,True,0.048139,TRACK,1.0
CloseLightStill.mp4,83,True,True,True,0.049587,TRACK,1.0
CloseLightStill.mp4,84,True,True,True,0.048164,TRACK,1.0
CloseLightStill.mp4,85,True,True,True,0.049139,TRACK,1.0
CloseLightStill.mp4,86,True,True,True,0.051634,TRACK,1.0
CloseLightStill.mp4,87,True,True,True,0.049005,TRACK,1.0
CloseLightStill.mp4,88,True,True,True,0.051317,TRACK,1.0
CloseLightStill.mp4,89,True,True,True,0.047719,TRACK,1.0
CloseLightStill.mp4,90,True,True,True,0.049613,TRACK,1.0
CloseLightStill.mp4,91,True,True,True,0.049594,TRACK,1.0
CloseLightStill.mp4,92,True,True,True,0.04762,TRACK,1.0
CloseLightStill.mp4,93,True,True,True,0.049092,TRACK,1.0
CloseLightStill.mp4,94,True,True,True,0.050085,TRACK,1.0
CloseLightStill.mp4,95,True,True,True,0.049049,TRACK,1.0
CloseLightStill.mp4,96,True,True,True,0.050063,TRACK,1.0
CloseLightStill.mp4,97,True,True,True,0.049399,TRACK,1.0
CloseLightStill.mp4,98,True,True,True,0.052836,TRACK,1.0
CloseLightStill.mp4,99,True,True,True,0.050466,TRACK,1.0
CloseLightStill.mp4,100,True,True,True,0.051615,TRACK,1.0
CloseLightStill.mp4,101,True,True,True,0.051201,TRACK,1.0
CloseLightStill.mp4,102,True,True,True,0.053856,TRACK,1.0
CloseLightStill.mp4,103,True,True,True,0.059448,TRACK,1.0
CloseLightStill.mp4,104,True,True,True,0.059575,TRACK,1.0
CloseLightStill.mp4,105,True,True,True,0.05383,TRACK,1.0
CloseLightStill.mp4,106,True,True,True,0.055697,TRACK,1.0
CloseLightStill.mp4,107,True,True,True,0.051879,TRACK,1.0
CloseLightStill.mp4,108,True,True,True,0.051272,TRACK,1.0
CloseLightStill.mp4,109,True,True,True,0.049614,TRACK,1.0
CloseLightStill.mp4,110,True,True,True,0.046699,TRACK,1.0
CloseLightStill.mp4,111,True,True,True,0.050711,TRACK,1.0
CloseLightStill.mp4,112,True,True,True,0.047019,TRACK,1.0
CloseLightStill.mp4,113,True,True,True,0.048678,TRACK,1.0
CloseLightStill.mp4,114,True,True,True,0.045239,TRACK,1.0
CloseLightStill.mp4,115,True,True,True,0.044054,TRACK,1.0
CloseLightStill.mp4,116,True,True,True,0.048269,TRACK,1.0
CloseLightStill.mp4,117,True,True,True,0.04965,TRACK,1.0
CloseLightStill.mp4,118,True,True,True,0.047427,TRACK,1.0
CloseLightStill.mp4,119,True,True,True,0.049415,TRACK,1.0
CloseLightStill.mp4,120,True,True,True,0.048421,TRACK,1.0
CloseLightStill.mp4,121,True,True,True,0.050239,TRACK,1.0
CloseLightStill.mp4,122,True,True,True,0.051487,TRACK,1.0
CloseLightStill.mp4,123,True,True,True,0.053057,TRACK,1.0
CloseLightStill.mp4,124,True,True,True,0.054423,TRACK,1.0
CloseLightStill.mp4,125,True,True,True,0.055042,TRACK,1.0
CloseLightStill.mp4,126,True,True,True,0.052004,TRACK,1.0
CloseLightStill.mp4,127,True,True,True,0.052061,TRACK,1.0
CloseLightStill.mp4,128,True,True,True,0.050062,TRACK,1.0
CloseLightStill.mp4,129,True,True,True,0.051711,TRACK,1.0
CloseLightStill.mp4,130,True,True,True,0.051134,TRACK,1.0
CloseLightStill.mp4,131,True,True,True,0.052151,TRACK,1.0
CloseLightStill.mp4,132,True,True,True,0.053812,TRACK,1.0
CloseLightStill.mp4,133,True,True,True,0.054195,TRACK,1.0
CloseLightStill.mp4,134,True,True,True,0.052125,TRACK,1.0
CloseLightStill.mp4,135,True,True,True,0.051511,TRACK,1.0
CloseLightStill.mp4,136,True,True,True,0.051612,TRACK,1.0
CloseLightStill.mp4,137,True,True,True,0.048333,TRACK,1.0
CloseLightStill.mp4,138,True,True,True,0.04669,TRACK,1.0
CloseLightStill.mp4,139,True,True,True,0.048459,TRACK,1.0
CloseLightStill.mp4,140,True,True,True,0.049202,TRACK,1.0
CloseLightStill.mp4,141,True,True,True,0.051905,TRACK,1.0
CloseLightStill.mp4,142,True,True,True,0.052887,TRACK,1.0
CloseLightStill.mp4,143,True,True,True,0.054997,TRACK,1.0
CloseLightStill.mp4,144,True,True,True,0.055585,TRACK,1.0
CloseLightStill.mp4,145,True,True,True,0.054066,TRACK,1.0
CloseLightStill.mp4,146,True,True,True,0.053277,TRACK,1.0
CloseLightStill.mp4,147,True,True,True,0.053639,TRACK,1.0
CloseLightStill.mp4,148,True,True,True,0.05248,TRACK,1.0
CloseLightStill.mp4,149,True,True,True,0.051467,TRACK,1.0
CloseLightStill.mp4,150,True,True,True,0.049683,TRACK,1.0
CloseLightStill.mp4,151,True,True,True,0.051534,TRACK,1.0
CloseLightStill.mp4,152,True,True,True,0.053825,TRACK,1.0
CloseLightStill.mp4,153,True,True,True,0.052498,TRACK,1.0
CloseLightStill.mp4,154,True,True,True,0.048968,TRACK,1.0
CloseLightStill.mp4,155,True,True,True,0.047607,TRACK,1.0
CloseLightStill.mp4,156,True,True,True,0.051259,TRACK,1.0
CloseLightStill.mp4,157,True,True,True,0.050116,TRACK,1.0
CloseLightStill.mp4,158,True,True,True,0.048652,TRACK,1.0
CloseLightStill.mp4,159,True,True,True,0.043742,TRACK,1.0
CloseLightStill.mp4,160,True,True,True,0.046816,TRACK,1.0
CloseLightStill.mp4,161,True,True,True,0.04881,TRACK,1.0
CloseLightStill.mp4,162,True,True,True,0.051315,TRACK,1.0
CloseLightStill.mp4,163,True,True,True,0.048149,TRACK,1.0
CloseLightStill.mp4,164,True,True,True,0.052459,TRACK,1.0
CloseLightStill.mp4,165,True,True,True,0.054156,TRACK,1.0
CloseLightStill.mp4,166,True,True,True,0.053865,TRACK,1.0
CloseLightStill.mp4,167,True,True,True,0.053923,TRACK,1.0
CloseLightStill.mp4,168,True,True,True,0.051293,TRACK,1.0
CloseLightStill.mp4,169,True,True,True,0.051225,TRACK,1.0
CloseLightStill.mp4,170,True,True,True,0.051551,TRACK,1.0
CloseLightStill.mp4,171,True,True,True,0.054526,TRACK,1.0
CloseLightStill.mp4,172,True,True,True,0.051122,TRACK,1.0
CloseLightStill.mp4,173,True,True,True,0.049777,TRACK,1.0
CloseLightStill.mp4,174,True,True,True,0.051096,TRACK,1.0
CloseLightStill.mp4,175,True,True,True,0.051402,TRACK,1.0
CloseLightStill.mp4,176,True,True,True,0.053324,TRACK,1.0
CloseLightStill.mp4,177,True,True,True,0.052174,TRACK,1.0
CloseLightStill.mp4,178,True,True,True,0.048486,TRACK,1.0
CloseLightStill.mp4,179,True,True,True,0.046819,TRACK,1.0
CloseLightStill.mp4,180,True,True,True,0.050373,TRACK,1.0
CloseLightStill.mp4,181,True,True,True,0.049449,TRACK,1.0
CloseLightStill.mp4,182,True,True,True,0.048436,TRACK,1.0
CloseLightStill.mp4,183,True,True,True,0.050155,TRACK,1.0
CloseLightStill.mp4,184,True,True,True,0.051825,TRACK,1.0
CloseLightStill.mp4,185,True,True,True,0.050458,TRACK,1.0
CloseLightStill.mp4,186,True,True,True,0.051179,TRACK,1.0
CloseLightStill.mp4,187,True,True,True,0.0504,TRACK,1.0
CloseLightStill.mp4,188,True,True,True,0.051671,TRACK,1.0
CloseLightStill.mp4,189,True,True,True,0.044832,TRACK,1.0
CloseLightStill.mp4,190,True,True,True,0.042219,TRACK,1.0
CloseLightStill.mp4,191,True,True,True,0.044614,TRACK,1.0
CloseLightStill.mp4,192,True,True,True,0.047745,TRACK,1.0
CloseLightStill.mp4,193,True,True,True,0.045422,TRACK,1.0
CloseLightStill.mp4,194,True,True,True,0.044611,TRACK,1.0
CloseLightStill.mp4,195,True,True,True,0.046819,TRACK,1.0
CloseLightStill.mp4,196,True,True,True,0.047273,TRACK,1.0
CloseLightStill.mp4,197,True,True,True,0.046346,TRACK,1.0
CloseLightStill.mp4,198,True,True,True,0.049114,TRACK,1.0
CloseLightStill.mp4,199,True,True,True,0.050386,TRACK,1.0
CloseLightStill.mp4,200,True,True,True,0.04949,TRACK,1.0
CloseLightStill.mp4,201,True,True,True,0.046658,TRACK,1.0
CloseLightStill.mp4,202,True,True,True,0.047212,TRACK,1.0
CloseLightStill.mp4,203,True,True,True,0.047432,TRACK,1.0
CloseLightStill.mp4,204,True,True,True,0.046415,TRACK,1.0
CloseLightStill.mp4,205,True,True,True,0.049631,TRACK,1.0
CloseLightStill.mp4,206,True,True,True,0.048325,TRACK,1.0
CloseLightStill.mp4,207,True,True,True,0.048966,TRACK,1.0
CloseLightStill.mp4,208,True,True,True,0.049824,TRACK,1.0
CloseLightStill.mp4,209,True,True,True,0.045812,TRACK,1.0
FarDark.mp4,1,True,False,False,,REACQUIRE,
FarDark.mp4,2,True,False,False,,REACQUIRE,
FarDark.mp4,3,True,False,False,,REACQUIRE,
FarDark.mp4,4,True,False,False,,REACQUIRE,
FarDark.mp4,5,True,False,False,,REACQUIRE,
FarDark.mp4,6,True,False,False,,REACQUIRE,
FarDark.mp4,7,True,False,False,,REACQUIRE,
FarDark.mp4,8,True,False,False,,REACQUIRE,
FarDark.mp4,9,True,False,False,,REACQUIRE,
FarDark.mp4,10,True,False,False,,REACQUIRE,
FarDark.mp4,11,True,False,False,,REACQUIRE,
FarDark.mp4,12,True,False,False,,REACQUIRE,
FarDark.mp4,13,True,False,False,,REACQUIRE,
FarDark.mp4,14,True,False,False,,REACQUIRE,
FarDark.mp4,15,True,False,False,,REACQUIRE,
FarDark.mp4,16,True,False,False,,REACQUIRE,
FarDark.mp4,17,True,False,False,,REACQUIRE,
FarDark.mp4,18,True,False,False,,REACQUIRE,
FarDark.mp4,19,True,False,False,,REACQUIRE,
FarDark.mp4,20,True,False,False,,REACQUIRE,
FarDark.mp4,21,True,False,False,,REACQUIRE,
FarDark.mp4,22,True,False,False,,REACQUIRE,
FarDark.mp4,23,True,False,False,,REACQUIRE,
FarDark.mp4,24,True,False,False,,REACQUIRE,
FarDark.mp4,25,True,False,False,,REACQUIRE,
FarDark.mp4,26,True,False,False,,REACQUIRE,
FarDark.mp4,27,True,False,False,,REACQUIRE,
FarDark.mp4,28,True,False,False,,REACQUIRE,
FarDark.mp4,29,True,False,False,,REACQUIRE,
FarDark.mp4,30,True,False,False,,REACQUIRE,
FarDark.mp4,31,True,False,False,,REACQUIRE,
FarDark.mp4,32,True,False,False,,REACQUIRE,
FarDark.mp4,33,True,False,False,,REACQUIRE,
FarDark.mp4,34,True,False,False,,REACQUIRE,
FarDark.mp4,35,True,False,False,,REACQUIRE,
FarDark.mp4,36,True,False,False,,REACQUIRE,
FarDark.mp4,37,True,False,False,,REACQUIRE,
FarDark.mp4,38,True,False,False,,REACQUIRE,
FarDark.mp4,39,True,False,False,,REACQUIRE,
FarDark.mp4,40,True,False,False,,REACQUIRE,
FarDark.mp4,41,True,False,False,,REACQUIRE,
FarDark.mp4,42,True,False,False,,REACQUIRE,
FarDark.mp4,43,True,False,False,,REACQUIRE,
FarDark.mp4,44,True,False,False,,REACQUIRE,
FarDark.mp4,45,True,False,False,,REACQUIRE,
FarDark.mp4,46,True,False,False,,REACQUIRE,
FarDark.mp4,47,True,False,False,,REACQUIRE,
FarDark.mp4,48,True,False,False,,REACQUIRE,
FarDark.mp4,49,True,False,False,,REACQUIRE,
FarDark.mp4,50,True,False,False,,REACQUIRE,
FarDark.mp4,51,True,False,False,,REACQUIRE,
FarDark.mp4,52,True,False,False,,REACQUIRE,
FarDark.mp4,53,True,False,False,,REACQUIRE,
FarDark.mp4,54,True,False,False,,REACQUIRE,
FarDark.mp4,55,True,False,False,,REACQUIRE,
FarDark.mp4,56,True,False,False,,REACQUIRE,
FarDark.mp4,57,True,False,False,,REACQUIRE,
FarDark.mp4,58,True,False,False,,REACQUIRE,
FarDark.mp4,59,True,False,False,,REACQUIRE,
FarDark.mp4,60,True,False,False,,REACQUIRE,
FarDark.mp4,61,True,False,False,,REACQUIRE,
FarDark.mp4,62,True,False,False,,REACQUIRE,
FarDark.mp4,63,True,False,False,,REACQUIRE,
FarDark.mp4,64,True,False,False,,REACQUIRE,
FarDark.mp4,65,True,False,False,,REACQUIRE,
FarDark.mp4,66,True,True,False,0.394344,REACQUIRE,
FarDark.mp4,67,True,True,False,0.393628,REACQUIRE,
FarDark.mp4,68,True,False,False,,TRACK,
FarDark.mp4,69,True,False,False,,TRACK,
FarDark.mp4,70,True,False,False,,TRACK,
FarDark.mp4,71,True,False,False,,TRACK,
FarDark.mp4,72,True,False,False,,TRACK,
FarDark.mp4,73,True,False,False,,TRACK,
FarDark.mp4,74,True,False,False,,TRACK,
FarDark.mp4,75,True,False,False,,TRACK,
FarDark.mp4,76,True,False,False,,TRACK,
FarDark.mp4,77,True,False,False,,TRACK,
FarDark.mp4,78,True,False,False,,TRACK,
FarDark.mp4,79,True,False,False,,TRACK,
FarDark.mp4,80,True,False,False,,TRACK,
FarDark.mp4,81,False,False,False,,TRACK,
FarDark.mp4,82,False,False,False,,TRACK,
FarDark.mp4,83,True,False,False,,TRACK,
FarDark.mp4,84,True,False,False,,TRACK,
FarDark.mp4,85,True,False,False,,TRACK,
FarDark.mp4,86,True,False,False,,TRACK,
FarDark.mp4,87,True,False,False,,TRACK,
FarDark.mp4,88,True,False,False,,TRACK,
FarDark.mp4,89,True,False,False,,TRACK,
FarDark.mp4,90,True,False,False,,TRACK,
FarDark.mp4,91,True,False,False,,TRACK,
FarDark.mp4,92,True,False,False,,TRACK,
FarDark.mp4,93,True,False,False,,TRACK,
FarDark.mp4,94,True,False,False,,TRACK,
FarDark.mp4,95,True,False,False,,TRACK,
FarDark.mp4,96,True,False,False,,TRACK,
FarDark.mp4,97,True,False,False,,TRACK,
FarDark.mp4,98,True,False,False,,TRACK,
FarDark.mp4,99,True,False,False,,TRACK,
FarDark.mp4,100,True,False,False,,TRACK,
FarDark.mp4,101,False,False,False,,TRACK,
FarDark.mp4,102,False,False,False,,TRACK,
FarDark.mp4,103,False,False,False,,TRACK,
FarDark.mp4,104,False,False,False,,TRACK,
FarDark.mp4,105,False,False,False,,TRACK,
FarDark.mp4,106,False,False,False,,TRACK,
FarDark.mp4,107,False,False,False,,TRACK,
FarDark.mp4,108,False,False,False,,TRACK,
FarDark.mp4,109,False,False,False,,TRACK,
FarDark.mp4,110,False,False,False,,TRACK,
FarDark.mp4,111,False,False,False,,TRACK,
FarDark.mp4,112,False,False,False,,TRACK,
FarDark.mp4,113,True,False,False,,TRACK,
FarDark.mp4,114,True,False,False,,TRACK,
FarDark.mp4,115,True,False,False,,TRACK,
FarDark.mp4,116,True,False,False,,TRACK,
FarDark.mp4,117,True,False,False,,TRACK,
FarDark.mp4,118,True,False,False,,TRACK,
FarDark.mp4,119,True,False,False,,TRACK,
FarDark.mp4,120,True,False,False,,TRACK,
FarDark.mp4,121,True,False,False,,TRACK,
FarDark.mp4,122,True,False,False,,TRACK,
FarDark.mp4,123,True,False,False,,TRACK,
FarDark.mp4,124,True,False,False,,TRACK,
FarDark.mp4,125,True,False,False,,TRACK,
FarDark.mp4,126,True,False,False,,TRACK,
FarDark.mp4,127,True,False,False,,TRACK,
FarDark.mp4,128,True,True,True,0.017165,TRACK,0.833112
FarDark.mp4,129,True,True,True,0.015416,TRACK,0.981957
FarDark.mp4,130,True,True,True,0.013701,TRACK,0.999869
FarDark.mp4,131,True,True,True,0.013831,TRACK,0.992756
FarDark.mp4,132,True,True,True,0.019934,TRACK,0.999801
FarDark.mp4,133,True,True,True,0.017291,TRACK,0.996888
FarDark.mp4,134,True,False,False,,TRACK,
FarDark.mp4,135,True,False,False,,TRACK,
FarDark.mp4,136,True,False,False,,TRACK,
FarDark.mp4,137,True,False,False,,TRACK,
FarDark.mp4,138,True,False,False,,TRACK,
FarDark.mp4,139,True,False,False,,TRACK,
FarDark.mp4,140,True,False,False,,TRACK,
FarDark.mp4,141,True,True,False,0.126928,TRACK,0.920374
FarDark.mp4,142,True,False,False,,TRACK,
FarDark.mp4,143,True,False,False,,TRACK,
FarDark.mp4,144,True,False,False,,TRACK,
FarDark.mp4,145,True,False,False,,TRACK,
FarDark.mp4,146,True,False,False,,TRACK,
FarDark.mp4,147,True,False,False,,TRACK,
FarDark.mp4,148,True,False,False,,TRACK,
FarDark.mp4,149,True,False,False,,TRACK,
FarDark.mp4,150,True,False,False,,TRACK,
FarDark.mp4,151,True,False,False,,TRACK,
FarDark.mp4,152,True,False,False,,TRACK,
FarDark.mp4,153,True,False,False,,TRACK,
FarDark.mp4,154,True,False,False,,TRACK,
FarDark.mp4,155,True,False,False,,TRACK,
FarDark.mp4,156,True,False,False,,TRACK,
FarDark.mp4,157,True,False,False,,TRACK,
FarDark.mp4,158,True,False,False,,TRACK,
FarDark.mp4,159,True,False,False,,TRACK,
FarDark.mp4,160,True,False,False,,TRACK,
FarDark.mp4,161,True,False,False,,TRACK,
FarDark.mp4,162,True,False,False,,TRACK,
FarDark.mp4,163,False,False,False,,TRACK,
FarDark.mp4,164,False,False,False,,TRACK,
FarDark.mp4,165,False,False,False,,TRACK,
FarDark.mp4,166,False,False,False,,TRACK,
FarDark.mp4,167,False,False,False,,TRACK,
FarDark.mp4,168,False,True,False,,TRACK,0.82701
FarDark.mp4,169,False,False,False,,TRACK,
FarDark.mp4,170,False,False,False,,TRACK,
FarDark.mp4,171,False,False,False,,TRACK,
FarDark.mp4,172,False,False,False,,TRACK,
FarDark.mp4,173,False,False,False,,TRACK,
FarDark.mp4,174,False,False,False,,TRACK,
FarDark.mp4,175,False,False,False,,TRACK,
FarDark.mp4,176,False,False,False,,TRACK,
FarDark.mp4,177,True,False,False,,TRACK,
FarDark.mp4,178,True,False,False,,TRACK,
FarDark.mp4,179,True,False,False,,TRACK,
FarDark.mp4,180,True,False,False,,TRACK,
FarDark.mp4,181,True,False,False,,TRACK,
FarDark.mp4,182,True,False,False,,TRACK,
FarDark.mp4,183,True,False,False,,TRACK,
FarDark.mp4,184,True,False,False,,TRACK,
FarDark.mp4,185,True,False,False,,TRACK,
FarDark.mp4,186,True,False,False,,TRACK,
FarDark.mp4,187,True,False,False,,TRACK,
FarDark.mp4,188,True,False,False,,TRACK,
FarDark.mp4,189,True,False,False,,TRACK,
FarDark.mp4,190,True,False,False,,TRACK,
FarDark.mp4,191,True,False,False,,TRACK,
FarDark.mp4,192,True,False,False,,TRACK,
FarDark.mp4,193,True,False,False,,TRACK,
FarDark.mp4,194,True,False,False,,TRACK,
FarDark.mp4,195,True,False,False,,TRACK,
FarDark.mp4,196,True,False,False,,TRACK,
FarDark.mp4,197,True,False,False,,TRACK,
FarDark.mp4,198,True,False,False,,TRACK,
FarDark.mp4,199,True,False,False,,TRACK,
FarDark.mp4,200,True,True,True,0.017958,TRACK,0.633707
FarDark.mp4,201,True,True,True,0.020182,TRACK,0.681546
FarDark.mp4,202,True,True,True,0.014118,TRACK,0.951145
FarDark.mp4,203,True,False,False,,TRACK,
FarDark.mp4,204,True,False,False,,TRACK,
FarDark.mp4,205,True,False,False,,TRACK,
FarDark.mp4,206,True,True,True,0.019159,TRACK,0.823556
FarDark.mp4,207,True,True,True,0.019615,TRACK,0.915038
FarDark.mp4,208,True,True,True,0.01938,TRACK,0.77171
FarDark.mp4,209,True,True,True,0.022563,TRACK,0.998958
FarDark.mp4,210,True,False,False,,TRACK,
FarDark.mp4,211,True,False,False,,TRACK,
FarDark.mp4,212,True,False,False,,TRACK,
FarDark.mp4,213,True,False,False,,TRACK,
FarDark.mp4,214,True,False,False,,TRACK,
FarDark.mp4,215,False,False,False,,TRACK,
FarDark.mp4,216,False,False,False,,TRACK,
FarDark.mp4,217,True,False,False,,TRACK,
FarDark.mp4,218,True,False,False,,TRACK,
FarDark.mp4,219,True,False,False,,TRACK,
FarDark.mp4,220,True,False,False,,TRACK,
FarDark.mp4,221,True,False,False,,TRACK,
FarDark.mp4,222,True,False,False,,TRACK,
FarDark.mp4,223,True,False,False,,TRACK,
FarDark.mp4,224,True,False,False,,TRACK,
FarDark.mp4,225,True,False,False,,TRACK,
FarDark.mp4,226,True,False,False,,TRACK,
FarDark.mp4,227,True,False,False,,TRACK,
FarDark.mp4,228,True,False,False,,TRACK,
FarDark.mp4,229,False,False,False,,TRACK,
FarDark.mp4,230,False,False,False,,TRACK,
FarLight.mp4,1,True,False,False,,REACQUIRE,
FarLight.mp4,2,True,False,False,,REACQUIRE,
FarLight.mp4,3,True,False,False,,REACQUIRE,
FarLight.mp4,4,True,False,False,,REACQUIRE,
FarLight.mp4,5,True,False,False,,REACQUIRE,
FarLight.mp4,6,True,False,False,,REACQUIRE,
FarLight.mp4,7,True,False,False,,REACQUIRE,
FarLight.mp4,8,True,False,False,,REACQUIRE,
FarLight.mp4,9,False,False,False,,REACQUIRE,
FarLight.mp4,10,False,False,False,,REACQUIRE,
FarLight.mp4,11,False,False,False,,REACQUIRE,
FarLight.mp4,12,False,False,False,,REACQUIRE,
FarLight.mp4,13,False,False,False,,REACQUIRE,
FarLight.mp4,14,False,True,False,,REACQUIRE,
FarLight.mp4,15,False,True,False,,REACQUIRE,
FarLight.mp4,16,False,False,False,,TRACK,
FarLight.mp4,17,False,False,False,,TRACK,
FarLight.mp4,18,False,False,False,,TRACK,
FarLight.mp4,19,False,False,False,,TRACK,
FarLight.mp4,20,False,True,False,,TRACK,0.634196
FarLight.mp4,21,False,False,False,,TRACK,
FarLight.mp4,22,False,False,False,,TRACK,
FarLight.mp4,23,False,False,False,,TRACK,
FarLight.mp4,24,False,False,False,,TRACK,
FarLight.mp4,25,True,False,False,,TRACK,
FarLight.mp4,26,True,False,False,,TRACK,
FarLight.mp4,27,True,False,False,,TRACK,
FarLight.mp4,28,True,False,False,,TRACK,
FarLight.mp4,29,True,False,False,,TRACK,
FarLight.mp4,30,True,False,False,,TRACK,
FarLight.mp4,31,True,False,False,,TRACK,
FarLight.mp4,32,True,True,False,0.139289,TRACK,0.986907
FarLight.mp4,33,True,False,False,,TRACK,
FarLight.mp4,34,True,False,False,,TRACK,
FarLight.mp4,35,True,False,False,,TRACK,
FarLight.mp4,36,True,True,False,0.152657,TRACK,0.994705
FarLight.mp4,37,True,False,False,,TRACK,
FarLight.mp4,38,True,True,False,0.153482,TRACK,0.992469
FarLight.mp4,39,True,False,False,,TRACK,
FarLight.mp4,40,True,False,False,,TRACK,
FarLight.mp4,41,True,False,False,,TRACK,
FarLight.mp4,42,True,False,False,,TRACK,
FarLight.mp4,43,True,False,False,,TRACK,
FarLight.mp4,44,True,False,False,,TRACK,
FarLight.mp4,45,True,False,False,,TRACK,
FarLight.mp4,46,True,False,False,,TRACK,
FarLight.mp4,47,True,True,False,0.168846,TRACK,0.999898
FarLight.mp4,48,True,False,False,,TRACK,
FarLight.mp4,49,True,False,False,,TRACK,
FarLight.mp4,50,True,True,False,0.166337,TRACK,0.999984
FarLight.mp4,51,True,True,False,0.129441,TRACK,0.999998
FarLight.mp4,52,True,False,False,,TRACK,
FarLight.mp4,53,True,False,False,,TRACK,
FarLight.mp4,54,True,True,False,0.132702,TRACK,0.932013
FarLight.mp4,55,True,False,False,,TRACK,
FarLight.mp4,56,True,False,False,,TRACK,
FarLight.mp4,57,True,False,False,,TRACK,
FarLight.mp4,58,True,False,False,,TRACK,
FarLight.mp4,59,True,True,False,0.123627,TRACK,0.937831
FarLight.mp4,60,True,False,False,,TRACK,
FarLight.mp4,61,True,False,False,,TRACK,
FarLight.mp4,62,True,False,False,,TRACK,
FarLight.mp4,63,True,False,False,,TRACK,
FarLight.mp4,64,True,False,False,,TRACK,
FarLight.mp4,65,True,False,False,,TRACK,
FarLight.mp4,66,True,False,False,,TRACK,
FarLight.mp4,67,True,False,False,,TRACK,
FarLight.mp4,68,True,False,False,,TRACK,
FarLight.mp4,69,True,True,False,0.124591,TRACK,0.950413
FarLight.mp4,70,True,False,False,,TRACK,
FarLight.mp4,71,True,False,False,,TRACK,
FarLight.mp4,72,True,False,False,,TRACK,
FarLight.mp4,73,True,False,False,,TRACK,
FarLight.mp4,74,True,False,False,,TRACK,
FarLight.mp4,75,True,False,False,,TRACK,
FarLight.mp4,76,True,False,False,,TRACK,
FarLight.mp4,77,True,False,False,,TRACK,
FarLight.mp4,78,True,False,False,,TRACK,
FarLight.mp4,79,True,False,False,,TRACK,
FarLight.mp4,80,True,True,False,0.085089,TRACK,0.697625
FarLight.mp4,81,True,False,False,,TRACK,
FarLight.mp4,82,True,False,False,,TRACK,
FarLight.mp4,83,True,True,True,0.04854,TRACK,0.765207
FarLight.mp4,84,True,True,True,0.059437,TRACK,0.998693
FarLight.mp4,85,True,True,True,0.058908,TRACK,0.999988
FarLight.mp4,86,True,True,False,0.064731,TRACK,0.991979
FarLight.mp4,87,True,True,False,0.064605,TRACK,0.998868
FarLight.mp4,88,True,True,False,0.064535,TRACK,0.996751
FarLight.mp4,89,True,False,False,,TRACK,
FarLight.mp4,90,True,True,True,0.01282,TRACK,0.999835
FarLight.mp4,91,True,True,True,0.011219,TRACK,0.999999
FarLight.mp4,92,True,True,True,0.011123,TRACK,1.0
FarLight.mp4,93,True,True,True,0.010754,TRACK,1.0
FarLight.mp4,94,True,True,True,0.010872,TRACK,1.0
FarLight.mp4,95,True,True,True,0.01129,TRACK,0.999987
FarLight.mp4,96,True,True,True,0.011228,TRACK,0.999967
FarLight.mp4,97,True,True,True,0.010581,TRACK,0.999981
FarLight.mp4,98,True,True,True,0.012834,TRACK,0.999986
FarLight.mp4,99,True,True,True,0.012188,TRACK,1.0
FarLight.mp4,100,True,True,True,0.012458,TRACK,1.0
FarLight.mp4,101,True,True,True,0.017579,TRACK,0.998477
FarLight.mp4,102,True,True,True,0.015967,TRACK,0.998752
FarLight.mp4,103,True,False,False,,TRACK,
FarLight.mp4,104,True,False,False,,TRACK,
FarLight.mp4,105,True,False,False,,TRACK,
FarLight.mp4,106,True,False,False,,TRACK,
FarLight.mp4,107,True,False,False,,TRACK,
FarLight.mp4,108,True,False,False,,TRACK,
FarLight.mp4,109,True,False,False,,TRACK,
FarLight.mp4,110,True,False,False,,TRACK,
FarLight.mp4,111,True,False,False,,TRACK,
FarLight.mp4,112,True,False,False,,TRACK,
FarLight.mp4,113,False,False,False,,TRACK,
FarLight.mp4,114,False,False,False,,TRACK,
FarLight.mp4,115,False,True,False,,TRACK,0.997809
FarLight.mp4,116,False,True,False,,TRACK,0.981489
FarLight.mp4,117,False,False,False,,TRACK,
FarLight.mp4,118,False,False,False,,TRACK,
FarLight.mp4,119,False,False,False,,TRACK,
FarLight.mp4,120,False,False,False,,TRACK,
FarLight.mp4,121,False,False,False,,TRACK,
FarLight.mp4,122,False,False,False,,TRACK,
FarLight.mp4,123,False,False,False,,TRACK,
FarLight.mp4,124,False,False,False,,TRACK,
FarLight.mp4,125,False,False,False,,TRACK,
FarLight.mp4,126,False,False,False,,TRACK,
FarLight.mp4,127,False,True,False,,TRACK,0.993243
FarLight.mp4,128,True,True,False,0.240773,TRACK,0.89817
FarLight.mp4,129,True,True,False,0.242609,TRACK,0.969504
FarLight.mp4,130,True,True,False,0.241619,TRACK,0.97015
FarLight.mp4,131,True,True,False,0.242642,TRACK,0.998687
FarLight.mp4,132,True,True,False,0.242784,TRACK,0.999743
FarLight.mp4,133,True,True,False,0.24014,TRACK,0.985349
FarLight.mp4,134,True,False,False,,TRACK,
FarLight.mp4,135,True,False,False,,TRACK,
FarLight.mp4,136,True,False,False,,TRACK,
FarLight.mp4,137,True,False,False,,TRACK,
FarLight.mp4,138,True,False,False,,TRACK,
FarLight.mp4,139,True,True,False,0.240212,TRACK,0.997931
FarLight.mp4,140,False,True,False,,TRACK,0.998606
FarLight.mp4,141,False,True,False,,TRACK,0.993688
FarLight.mp4,142,True,True,False,0.167628,TRACK,0.995092
FarLight.mp4,143,True,True,False,0.169049,TRACK,0.959143
FarLight.mp4,144,True,True,False,0.169402,TRACK,0.833088
FarLight.mp4,145,True,True,False,0.169481,TRACK,0.893308
FarLight.mp4,146,True,True,False,0.168312,TRACK,0.999955
FarLight.mp4,147,True,False,False,,TRACK,
FarLight.mp4,148,True,True,True,0.022629,TRACK,0.999999
FarLight.mp4,149,True,True,True,0.020843,TRACK,1.0
FarLight.mp4,150,True,True,True,0.020993,TRACK,1.0
FarLight.mp4,151,True,True,True,0.023168,TRACK,0.999999
FarLight.mp4,152,True,True,True,0.022491,TRACK,0.999996
FarLight.mp4,153,True,True,True,0.026229,TRACK,1.0
FarLight.mp4,154,True,True,True,0.027212,TRACK,1.0
FarLight.mp4,155,True,True,True,0.026284,TRACK,1.0
FarLight.mp4,156,True,True,True,0.02538,TRACK,1.0
FarLight.mp4,157,True,True,True,0.027035,TRACK,1.0
FarLight.mp4,158,True,True,True,0.026719,TRACK,1.0
FarLight.mp4,159,True,True,True,0.029299,TRACK,1.0
FarLight.mp4,160,True,True,True,0.028506,TRACK,1.0
FarLight.mp4,161,True,True,True,0.029475,TRACK,1.0
FarLight.mp4,162,True,True,True,0.028654,TRACK,1.0
FarLight.mp4,163,True,True,True,0.027771,TRACK,1.0
FarLight.mp4,164,True,True,True,0.027641,TRACK,1.0
FarLight.mp4,165,True,True,True,0.0262,TRACK,1.0
FarLight.mp4,166,True,True,True,0.025639,TRACK,1.0
FarLight.mp4,167,True,True,True,0.025147,TRACK,1.0
FarLight.mp4,168,True,True,True,0.02403,TRACK,1.0
FarLight.mp4,169,True,True,True,0.022431,TRACK,1.0
FarLight.mp4,170,True,True,True,0.024059,TRACK,1.0
FarLight.mp4,171,True,True,True,0.024925,TRACK,1.0
FarLight.mp4,172,True,True,True,0.024776,TRACK,1.0
FarLight.mp4,173,True,False,False,,TRACK,
FarLight.mp4,174,True,False,False,,TRACK,
FarLight.mp4,175,True,False,False,,TRACK,
FarLight.mp4,176,True,False,False,,TRACK,
FarLight.mp4,177,True,False,False,,TRACK,
FarLight.mp4,178,True,False,False,,TRACK,
FarLight.mp4,179,True,False,False,,TRACK,
FarLight.mp4,180,True,False,False,,TRACK,
FarLight.mp4,181,True,False,False,,TRACK,
FarLight.mp4,182,True,False,False,,TRACK,
FarLight.mp4,183,True,True,False,0.155348,TRACK,0.827985
FarLight.mp4,184,True,True,False,0.158921,TRACK,0.763372
FarLight.mp4,185,True,False,False,,TRACK,
FarLight.mp4,186,True,False,False,,TRACK,
FarLight.mp4,187,True,True,False,0.132969,TRACK,0.980903
FarLight.mp4,188,True,True,False,0.131282,TRACK,0.998952
FarLight.mp4,189,True,True,False,0.131392,TRACK,0.741824
FarLight.mp4,190,True,False,False,,TRACK,
FarLight.mp4,191,True,False,False,,TRACK,
FarLight.mp4,192,False,True,False,,TRACK,0.958016
FarLight.mp4,193,False,False,False,,TRACK,
FarLight.mp4,194,False,False,False,,TRACK,
FarLight.mp4,195,False,False,False,,TRACK,
NohandDark.mp4,1,False,False,False,,REACQUIRE,
NohandDark.mp4,2,False,False,False,,REACQUIRE,
NohandDark.mp4,3,False,False,False,,REACQUIRE,
NohandDark.mp4,4,False,False,False,,REACQUIRE,
NohandDark.mp4,5,False,False,False,,REACQUIRE,
NohandDark.mp4,6,False,False,False,,REACQUIRE,
NohandDark.mp4,7,False,False,False,,REACQUIRE,
NohandDark.mp4,8,False,False,False,,REACQUIRE,
NohandDark.mp4,9,False,False,False,,REACQUIRE,
NohandDark.mp4,10,False,False,False,,REACQUIRE,
NohandDark.mp4,11,False,False,False,,REACQUIRE,
NohandDark.mp4,12,False,False,False,,REACQUIRE,
NohandDark.mp4,13,False,False,False,,REACQUIRE,
NohandDark.mp4,14,False,False,False,,REACQUIRE,
NohandDark.mp4,15,False,False,False,,REACQUIRE,
NohandDark.mp4,16,False,False,False,,REACQUIRE,
NohandDark.mp4,17,False,False,False,,REACQUIRE,
NohandDark.mp4,18,False,False,False,,REACQUIRE,
NohandDark.mp4,19,False,False,False,,REACQUIRE,
NohandDark.mp4,20,False,False,False,,REACQUIRE,
NohandDark.mp4,21,False,False,False,,REACQUIRE,
NohandDark.mp4,22,False,False,False,,REACQUIRE,
NohandDark.mp4,23,False,False,False,,REACQUIRE,
NohandDark.mp4,24,False,False,False,,REACQUIRE,
NohandDark.mp4,25,False,False,False,,REACQUIRE,
NohandDark.mp4,26,False,False,False,,REACQUIRE,
NohandDark.mp4,27,False,False,False,,REACQUIRE,
NohandDark.mp4,28,False,False,False,,REACQUIRE,
NohandDark.mp4,29,False,False,False,,REACQUIRE,
NohandDark.mp4,30,False,False,False,,REACQUIRE,
NohandDark.mp4,31,False,False,False,,REACQUIRE,
NohandDark.mp4,32,False,False,False,,REACQUIRE,
NohandDark.mp4,33,False,False,False,,REACQUIRE,
NohandDark.mp4,34,False,False,False,,REACQUIRE,
NohandDark.mp4,35,False,False,False,,REACQUIRE,
NohandDark.mp4,36,False,False,False,,REACQUIRE,
NohandDark.mp4,37,False,False,False,,REACQUIRE,
NohandDark.mp4,38,False,False,False,,REACQUIRE,
NohandDark.mp4,39,False,False,False,,REACQUIRE,
NohandDark.mp4,40,False,False,False,,REACQUIRE,
NohandDark.mp4,41,False,False,False,,REACQUIRE,
NohandDark.mp4,42,False,False,False,,REACQUIRE,
NohandDark.mp4,43,False,False,False,,REACQUIRE,
NohandDark.mp4,44,False,False,False,,REACQUIRE,
NohandDark.mp4,45,False,False,False,,REACQUIRE,
NohandDark.mp4,46,False,False,False,,REACQUIRE,
NohandDark.mp4,47,False,False,False,,REACQUIRE,
NohandDark.mp4,48,False,False,False,,REACQUIRE,
NohandDark.mp4,49,False,False,False,,REACQUIRE,
NohandDark.mp4,50,False,False,False,,REACQUIRE,
NohandDark.mp4,51,False,False,False,,REACQUIRE,
NohandDark.mp4,52,False,False,False,,REACQUIRE,
NohandDark.mp4,53,False,False,False,,REACQUIRE,
NohandLight.mp4,1,False,False,False,,REACQUIRE,
NohandLight.mp4,2,False,False,False,,REACQUIRE,
NohandLight.mp4,3,False,False,False,,REACQUIRE,
NohandLight.mp4,4,False,False,False,,REACQUIRE,
NohandLight.mp4,5,False,False,False,,REACQUIRE,
NohandLight.mp4,6,False,False,False,,REACQUIRE,
NohandLight.mp4,7,False,False,False,,REACQUIRE,
NohandLight.mp4,8,False,False,False,,REACQUIRE,
NohandLight.mp4,9,False,False,False,,REACQUIRE,
NohandLight.mp4,10,False,False,False,,REACQUIRE,
NohandLight.mp4,11,False,False,False,,REACQUIRE,
NohandLight.mp4,12,False,False,False,,REACQUIRE,
NohandLight.mp4,13,False,False,False,,REACQUIRE,
NohandLight.mp4,14,False,False,False,,REACQUIRE,
NohandLight.mp4,15,False,False,False,,REACQUIRE,
NohandLight.mp4,16,False,False,False,,REACQUIRE,
NohandLight.mp4,17,False,False,False,,REACQUIRE,
NohandLight.mp4,18,False,False,False,,REACQUIRE,
NohandLight.mp4,19,False,False,False,,REACQUIRE,
NohandLight.mp4,20,False,False,False,,REACQUIRE,
NohandLight.mp4,21,False,False,False,,REACQUIRE,
NohandLight.mp4,22,False,False,False,,REACQUIRE,
NohandLight.mp4,23,False,False,False,,REACQUIRE,
NohandLight.mp4,24,False,False,False,,REACQUIRE,
NohandLight.mp4,25,False,False,False,,REACQUIRE,
NohandLight.mp4,26,False,False,False,,REACQUIRE,
NohandLight.mp4,27,False,False,False,,REACQUIRE,
NohandLight.mp4,28,False,False,False,,REACQUIRE,
NohandLight.mp4,29,False,False,False,,REACQUIRE,
NohandLight.mp4,30,False,False,False,,REACQUIRE,
NohandLight.mp4,31,False,False,False,,REACQUIRE,
NohandLight.mp4,32,False,False,False,,REACQUIRE,
NohandLight.mp4,33,False,False,False,,REACQUIRE,
NohandLight.mp4,34,False,False,False,,REACQUIRE,
NohandLight.mp4,35,False,False,False,,REACQUIRE,
NohandLight.mp4,36,False,False,False,,REACQUIRE,
NohandLight.mp4,37,False,False,False,,REACQUIRE,
NohandLight.mp4,38,False,False,False,,REACQUIRE,
NohandLight.mp4,39,False,False,False,,REACQUIRE,
NohandLight.mp4,40,False,False,False,,REACQUIRE,
NohandLight.mp4,41,False,False,False,,REACQUIRE,
NohandLight.mp4,42,False,False,False,,REACQUIRE,
NohandLight.mp4,43,False,False,False,,REACQUIRE,
NohandLight.mp4,44,False,False,False,,REACQUIRE,
NohandLight.mp4,45,False,False,False,,REACQUIRE,
VeryLowLight.mp4,1,False,False,False,,REACQUIRE,
VeryLowLight.mp4,2,False,False,False,,REACQUIRE,
VeryLowLight.mp4,3,False,False,False,,REACQUIRE,
VeryLowLight.mp4,4,False,False,False,,REACQUIRE,
VeryLowLight.mp4,5,False,False,False,,REACQUIRE,
VeryLowLight.mp4,6,False,False,False,,REACQUIRE,
VeryLowLight.mp4,7,False,False,False,,REACQUIRE,
VeryLowLight.mp4,8,False,False,False,,REACQUIRE,
VeryLowLight.mp4,9,False,False,False,,REACQUIRE,
VeryLowLight.mp4,10,False,False,False,,REACQUIRE,
VeryLowLight.mp4,11,False,False,False,,REACQUIRE,
VeryLowLight.mp4,12,False,False,False,,REACQUIRE,
VeryLowLight.mp4,13,False,False,False,,REACQUIRE,
VeryLowLight.mp4,14,False,False,False,,REACQUIRE,
VeryLowLight.mp4,15,False,False,False,,REACQUIRE,
VeryLowLight.mp4,16,False,False,False,,REACQUIRE,
VeryLowLight.mp4,17,False,False,False,,REACQUIRE,
VeryLowLight.mp4,18,True,False,False,,REACQUIRE,
VeryLowLight.mp4,19,True,False,False,,REACQUIRE,
VeryLowLight.mp4,20,True,False,False,,REACQUIRE,
VeryLowLight.mp4,21,True,False,False,,REACQUIRE,
VeryLowLight.mp4,22,True,False,False,,REACQUIRE,
VeryLowLight.mp4,23,True,False,False,,REACQUIRE,
VeryLowLight.mp4,24,True,False,False,,REACQUIRE,
VeryLowLight.mp4,25,True,False,False,,REACQUIRE,
VeryLowLight.mp4,26,True,False,False,,REACQUIRE,
VeryLowLight.mp4,27,True,False,False,,REACQUIRE,
VeryLowLight.mp4,28,True,False,False,,REACQUIRE,
VeryLowLight.mp4,29,False,False,False,,REACQUIRE,
VeryLowLight.mp4,30,False,False,False,,REACQUIRE,
VeryLowLight.mp4,31,False,False,False,,REACQUIRE,
VeryLowLight.mp4,32,False,False,False,,REACQUIRE,
VeryLowLight.mp4,33,False,False,False,,REACQUIRE,
VeryLowLight.mp4,34,False,False,False,,REACQUIRE,
VeryLowLight.mp4,35,False,False,False,,REACQUIRE,
VeryLowLight.mp4,36,False,False,False,,REACQUIRE,
VeryLowLight.mp4,37,False,True,False,,REACQUIRE,
VeryLowLight.mp4,38,False,False,False,,REACQUIRE,
VeryLowLight.mp4,39,False,False,False,,REACQUIRE,
VeryLowLight.mp4,40,False,False,False,,REACQUIRE,
VeryLowLight.mp4,41,False,True,False,,REACQUIRE,
VeryLowLight.mp4,42,False,False,False,,REACQUIRE,
VeryLowLight.mp4,43,False,False,False,,REACQUIRE,
VeryLowLight.mp4,44,False,False,False,,REACQUIRE,
VeryLowLight.mp4,45,False,False,False,,REACQUIRE,
VeryLowLight.mp4,46,False,False,False,,REACQUIRE,
VeryLowLight.mp4,47,False,False,False,,REACQUIRE,
VeryLowLight.mp4,48,False,False,False,,REACQUIRE,
VeryLowLight.mp4,49,False,False,False,,REACQUIRE,
VeryLowLight.mp4,50,False,False,False,,REACQUIRE,
VeryLowLight.mp4,51,False,False,False,,REACQUIRE,
VeryLowLight.mp4,52,False,False,False,,REACQUIRE,
VeryLowLight.mp4,53,False,False,False,,REACQUIRE,
VeryLowLight.mp4,54,False,False,False,,REACQUIRE,
VeryLowLight.mp4,55,False,False,False,,REACQUIRE,
VeryLowLight.mp4,56,False,False,False,,REACQUIRE,
VeryLowLight.mp4,57,False,False,False,,REACQUIRE,
VeryLowLight.mp4,58,False,False,False,,REACQUIRE,
VeryLowLight.mp4,59,False,False,False,,REACQUIRE,
VeryLowLight.mp4,60,False,False,False,,REACQUIRE,
VeryLowLight.mp4,61,False,False,False,,REACQUIRE,
VeryLowLight.mp4,62,True,False,False,,REACQUIRE,
VeryLowLight.mp4,63,True,False,False,,REACQUIRE,
VeryLowLight.mp4,64,True,False,False,,REACQUIRE,
VeryLowLight.mp4,65,True,False,False,,REACQUIRE,
VeryLowLight.mp4,66,True,False,False,,REACQUIRE,
VeryLowLight.mp4,67,True,True,True,0.033645,REACQUIRE,
VeryLowLight.mp4,68,True,False,False,,REACQUIRE,
VeryLowLight.mp4,69,True,False,False,,REACQUIRE,
VeryLowLight.mp4,70,True,True,False,0.559404,REACQUIRE,
VeryLowLight.mp4,71,True,False,False,,REACQUIRE,
VeryLowLight.mp4,72,True,False,False,,REACQUIRE,
VeryLowLight.mp4,73,True,False,False,,REACQUIRE,
VeryLowLight.mp4,74,True,False,False,,REACQUIRE,
VeryLowLight.mp4,75,True,False,False,,REACQUIRE,
VeryLowLight.mp4,76,True,False,False,,REACQUIRE,
VeryLowLight.mp4,77,True,False,False,,REACQUIRE,
VeryLowLight.mp4,78,True,False,False,,REACQUIRE,
VeryLowLight.mp4,79,True,False,False,,REACQUIRE,
VeryLowLight.mp4,80,True,False,False,,REACQUIRE,
VeryLowLight.mp4,81,True,False,False,,REACQUIRE,
VeryLowLight.mp4,82,True,False,False,,REACQUIRE,
VeryLowLight.mp4,83,True,False,False,,REACQUIRE,
VeryLowLight.mp4,84,True,False,False,,REACQUIRE,
VeryLowLight.mp4,85,True,False,False,,REACQUIRE,
VeryLowLight.mp4,86,True,False,False,,REACQUIRE,
VeryLowLight.mp4,87,True,False,False,,REACQUIRE,
VeryLowLight.mp4,88,True,False,False,,REACQUIRE,
VeryLowLight.mp4,89,True,False,False,,REACQUIRE,
VeryLowLight.mp4,90,True,False,False,,REACQUIRE,
VeryLowLight.mp4,91,True,False,False,,REACQUIRE,
VeryLowLight.mp4,92,True,False,False,,REACQUIRE,
VeryLowLight.mp4,93,True,False,False,,REACQUIRE,
VeryLowLight.mp4,94,True,False,False,,REACQUIRE,
VeryLowLight.mp4,95,True,False,False,,REACQUIRE,
VeryLowLight.mp4,96,True,True,False,0.43544,REACQUIRE,
VeryLowLight.mp4,97,True,True,False,0.425329,REACQUIRE,
VeryLowLight.mp4,98,True,True,False,0.432575,TRACK,0.871481
VeryLowLight.mp4,99,True,False,False,,TRACK,
VeryLowLight.mp4,100,True,False,False,,TRACK,
VeryLowLight.mp4,101,True,False,False,,TRACK,
VeryLowLight.mp4,102,True,False,False,,TRACK,
VeryLowLight.mp4,103,True,True,True,0.052821,TRACK,0.888761
VeryLowLight.mp4,104,True,False,False,,TRACK,
VeryLowLight.mp4,105,True,False,False,,TRACK,
VeryLowLight.mp4,106,True,False,False,,TRACK,
VeryLowLight.mp4,107,True,False,False,,TRACK,
VeryLowLight.mp4,108,True,False,False,,TRACK,
VeryLowLight.mp4,109,True,False,False,,TRACK,
VeryLowLight.mp4,110,True,False,False,,TRACK,
VeryLowLight.mp4,111,True,False,False,,TRACK,
VeryLowLight.mp4,112,True,False,False,,TRACK,
VeryLowLight.mp4,113,True,False,False,,TRACK,
VeryLowLight.mp4,114,True,False,False,,TRACK,
VeryLowLight.mp4,115,True,False,False,,TRACK,
VeryLowLight.mp4,116,True,False,False,,TRACK,
VeryLowLight.mp4,117,True,False,False,,TRACK,
VeryLowLight.mp4,118,True,False,False,,TRACK,
VeryLowLight.mp4,119,True,False,False,,TRACK,
VeryLowLight.mp4,120,True,False,False,,TRACK,
VeryLowLight.mp4,121,True,False,False,,TRACK,
VeryLowLight.mp4,122,True,True,False,0.368406,TRACK,0.998107
VeryLowLight.mp4,123,True,False,False,,TRACK,
VeryLowLight.mp4,124,True,False,False,,TRACK,
VeryLowLight.mp4,125,True,False,False,,TRACK,
VeryLowLight.mp4,126,True,False,False,,TRACK,
VeryLowLight.mp4,127,True,False,False,,TRACK,
VeryLowLight.mp4,128,True,False,False,,TRACK,
VeryLowLight.mp4,129,True,True,False,0.463815,TRACK,0.733429
VeryLowLight.mp4,130,True,True,False,0.444532,TRACK,0.943089
VeryLowLight.mp4,131,True,True,False,0.40799,TRACK,0.912504
VeryLowLight.mp4,132,True,False,False,,TRACK,
VeryLowLight.mp4,133,True,False,False,,TRACK,
VeryLowLight.mp4,134,True,False,False,,TRACK,
VeryLowLight.mp4,135,True,False,False,,TRACK,
VeryLowLight.mp4,136,True,True,False,0.452335,TRACK,0.739232
VeryLowLight.mp4,137,True,True,False,0.404632,TRACK,0.967242
VeryLowLight.mp4,138,True,True,False,0.452663,TRACK,0.759002
VeryLowLight.mp4,139,True,False,False,,TRACK,
VeryLowLight.mp4,140,True,False,False,,TRACK,
VeryLowLight.mp4,141,True,False,False,,TRACK,
VeryLowLight.mp4,142,True,False,False,,TRACK,
VeryLowLight.mp4,143,True,False,False,,TRACK,
VeryLowLight.mp4,144,True,True,False,0.28938,TRACK,0.938327
VeryLowLight.mp4,145,True,False,False,,TRACK,
VeryLowLight.mp4,146,True,False,False,,TRACK,
VeryLowLight.mp4,147,True,False,False,,TRACK,
VeryLowLight.mp4,148,True,False,False,,TRACK,
VeryLowLight.mp4,149,True,True,False,0.46385,TRACK,0.830401
VeryLowLight.mp4,150,True,False,False,,TRACK,
VeryLowLight.mp4,151,True,True,False,0.449157,TRACK,0.654319
VeryLowLight.mp4,152,True,False,False,,TRACK,
VeryLowLight.mp4,153,True,False,False,,TRACK,
VeryLowLight.mp4,154,True,True,False,0.372835,TRACK,0.97903
VeryLowLight.mp4,155,True,False,False,,TRACK,
VeryLowLight.mp4,156,True,True,False,0.451073,TRACK,0.891046
VeryLowLight.mp4,157,True,True,False,0.446235,TRACK,0.903467
VeryLowLight.mp4,158,True,False,False,,TRACK,
VeryLowLight.mp4,159,True,False,False,,TRACK,
VeryLowLight.mp4,160,True,False,False,,TRACK,
VeryLowLight.mp4,161,True,True,False,0.317112,TRACK,0.863559
VeryLowLight.mp4,162,True,False,False,,TRACK,
VeryLowLight.mp4,163,True,False,False,,TRACK,
VeryLowLight.mp4,164,True,False,False,,TRACK,
VeryLowLight.mp4,165,True,False,False,,TRACK,
VeryLowLight.mp4,166,True,True,False,0.316705,TRACK,0.726116
VeryLowLight.mp4,167,True,False,False,,TRACK,
VeryLowLight.mp4,168,True,False,False,,TRACK,
VeryLowLight.mp4,169,True,False,False,,TRACK,
VeryLowLight.mp4,170,True,True,False,0.261135,TRACK,0.781268
VeryLowLight.mp4,171,True,False,False,,TRACK,
VeryLowLight.mp4,172,True,True,True,0.03638,TRACK,0.959394
VeryLowLight.mp4,173,True,True,True,0.031611,TRACK,0.98777
VeryLowLight.mp4,174,True,True,True,0.036092,TRACK,0.986338
VeryLowLight.mp4,175,True,True,False,0.116724,TRACK,0.783164
VeryLowLight.mp4,176,True,True,False,0.13981,TRACK,0.999301
VeryLowLight.mp4,177,True,False,False,,TRACK,
VeryLowLight.mp4,178,True,False,False,,TRACK,
VeryLowLight.mp4,179,True,False,False,,TRACK,
VeryLowLight.mp4,180,True,False,False,,TRACK,
VeryLowLight.mp4,181,True,True,False,0.200273,TRACK,0.901995
VeryLowLight.mp4,182,True,False,False,,TRACK,
VeryLowLight.mp4,183,True,True,True,0.033852,TRACK,0.989141
VeryLowLight.mp4,184,True,True,True,0.028411,TRACK,0.999514
VeryLowLight.mp4,185,True,True,True,0.018709,TRACK,0.996178
VeryLowLight.mp4,186,True,True,True,0.020784,TRACK,0.999805
VeryLowLight.mp4,187,True,True,True,0.023191,TRACK,0.999237
VeryLowLight.mp4,188,True,True,True,0.020036,TRACK,0.998533
VeryLowLight.mp4,189,True,True,True,0.019117,TRACK,0.999872
VeryLowLight.mp4,190,True,True,True,0.020866,TRACK,0.9985
VeryLowLight.mp4,191,True,True,True,0.020488,TRACK,0.997296
VeryLowLight.mp4,192,True,True,True,0.029048,TRACK,0.996827
VeryLowLight.mp4,193,True,True,True,0.026236,TRACK,0.999868
VeryLowLight.mp4,194,True,True,True,0.022448,TRACK,0.995694
VeryLowLight.mp4,195,True,True,True,0.022271,TRACK,0.999631
VeryLowLight.mp4,196,True,True,True,0.021275,TRACK,0.996424
VeryLowLight.mp4,197,True,True,True,0.02231,TRACK,0.999186
VeryLowLight.mp4,198,True,True,True,0.020496,TRACK,0.995023
VeryLowLight.mp4,199,True,True,True,0.021709,TRACK,0.934246
VeryLowLight.mp4,200,True,False,False,,TRACK,
VeryLowLight.mp4,201,True,True,False,0.160463,TRACK,0.710515
VeryLowLight.mp4,202,True,True,False,0.165096,TRACK,0.836085
VeryLowLight.mp4,203,True,True,True,0.033586,TRACK,0.931231
VeryLowLight.mp4,204,True,True,False,0.082673,TRACK,0.619168
VeryLowLight.mp4,205,True,False,False,,TRACK,
VeryLowLight.mp4,206,True,True,True,0.030131,TRACK,0.776293
VeryLowLight.mp4,207,True,True,True,0.027757,TRACK,0.912087
VeryLowLight.mp4,208,True,True,True,0.028377,TRACK,0.859226
VeryLowLight.mp4,209,True,False,False,,TRACK,
VeryLowLight.mp4,210,True,False,False,,TRACK,
VeryLowLight.mp4,211,True,True,False,0.086863,TRACK,0.995226
VeryLowLight.mp4,212,True,True,False,0.264087,TRACK,0.893228
VeryLowLight.mp4,213,True,False,False,,TRACK,
VeryLowLight.mp4,214,True,True,False,0.265802,TRACK,0.927501
VeryLowLight.mp4,215,True,False,False,,TRACK,
VeryLowLight.mp4,216,True,True,False,0.082178,TRACK,0.942646
VeryLowLight.mp4,217,True,False,False,,TRACK,
VeryLowLight.mp4,218,True,True,False,0.115607,TRACK,0.654656
VeryLowLight.mp4,219,True,False,False,,TRACK,
VeryLowLight.mp4,220,True,False,False,,TRACK,
VeryLowLight.mp4,221,True,True,False,0.171713,TRACK,0.932409
VeryLowLight.mp4,222,True,True,False,0.107548,TRACK,0.711496
VeryLowLight.mp4,223,True,False,False,,TRACK,
VeryLowLight.mp4,224,True,False,False,,TRACK,
VeryLowLight.mp4,225,True,False,False,,TRACK,
VeryLowLight.mp4,226,True,True,False,0.252492,TRACK,0.739028
VeryLowLight.mp4,227,True,True,False,0.0792,TRACK,0.772556
VeryLowLight.mp4,228,True,True,False,0.166283,TRACK,0.845971
VeryLowLight.mp4,229,True,True,True,0.010135,TRACK,0.859278
VeryLowLight.mp4,230,True,True,True,0.01286,TRACK,0.997981
VeryLowLight.mp4,231,True,True,True,0.015071,TRACK,0.982829
VeryLowLight.mp4,232,True,True,True,0.013688,TRACK,0.874482
VeryLowLight.mp4,233,True,True,True,0.013723,TRACK,0.635556
VeryLowLight.mp4,234,True,True,True,0.013964,TRACK,0.794969
VeryLowLight.mp4,235,True,True,True,0.010391,TRACK,0.978983
VeryLowLight.mp4,236,True,True,True,0.013765,TRACK,0.999915
VeryLowLight.mp4,237,True,True,False,0.134797,TRACK,0.762136
VeryLowLight.mp4,238,True,True,True,0.015271,TRACK,0.813405
VeryLowLight.mp4,239,True,False,False,,TRACK,
VeryLowLight.mp4,240,True,True,False,0.148086,TRACK,0.825891
VeryLowLight.mp4,241,True,False,False,,TRACK,
VeryLowLight.mp4,242,True,False,False,,TRACK,
VeryLowLight.mp4,243,True,False,False,,TRACK,
VeryLowLight.mp4,244,True,True,False,0.445724,TRACK,0.925816
VeryLowLight.mp4,245,True,False,False,,TRACK,
VeryLowLight.mp4,246,True,True,False,0.554021,TRACK,0.997135
VeryLowLight.mp4,247,True,False,False,,TRACK,
VeryLowLight.mp4,248,True,False,False,,TRACK,
VeryLowLight.mp4,249,True,False,False,,TRACK,
VeryLowLight.mp4,250,True,True,False,0.346984,TRACK,0.977884
VeryLowLight.mp4,251,True,True,False,0.346257,TRACK,0.984242
VeryLowLight.mp4,252,True,True,False,0.426431,TRACK,0.822233
VeryLowLight.mp4,253,True,False,False,,TRACK,
VeryLowLight.mp4,254,True,False,False,,TRACK,
VeryLowLight.mp4,255,True,True,False,0.334497,TRACK,0.903906
VeryLowLight.mp4,256,True,True,False,0.342694,TRACK,0.999956
VeryLowLight.mp4,257,True,False,False,,TRACK,
VeryLowLight.mp4,258,True,False,False,,TRACK,
VeryLowLight.mp4,259,True,False,False,,TRACK,
VeryLowLight.mp4,260,True,False,False,,TRACK,
VeryLowLight.mp4,261,True,True,True,0.025157,TRACK,0.999997
VeryLowLight.mp4,262,True,False,False,,TRACK,
VeryLowLight.mp4,263,True,False,False,,TRACK,
VeryLowLight.mp4,264,True,False,False,,TRACK,
VeryLowLight.mp4,265,True,False,False,,TRACK,
VeryLowLight.mp4,266,True,False,False,,TRACK,
VeryLowLight.mp4,267,True,False,False,,TRACK,
VeryLowLight.mp4,268,True,False,False,,TRACK,
VeryLowLight.mp4,269,True,False,False,,TRACK,
VeryLowLight.mp4,270,True,False,False,,TRACK,
VeryLowLight.mp4,271,True,False,False,,TRACK,
VeryLowLight.mp4,272,True,False,False,,TRACK,
VeryLowLight.mp4,273,True,False,False,,TRACK,
VeryLowLight.mp4,274,True,False,False,,TRACK,
VeryLowLight.mp4,275,True,False,False,,TRACK,
VeryLowLight.mp4,276,True,False,False,,TRACK,
VeryLowLight.mp4,277,True,False,False,,TRACK,
VeryLowLight.mp4,278,True,False,False,,TRACK,
VeryLowLight.mp4,279,True,False,False,,TRACK,
VeryLowLight.mp4,280,True,False,False,,TRACK,
VeryLowLight.mp4,281,True,True,False,0.480745,TRACK,0.981678
VeryLowLight.mp4,282,True,False,False,,TRACK,
VeryLowLight.mp4,283,True,False,False,,TRACK,
VeryLowLight.mp4,284,True,False,False,,TRACK,
VeryLowLight.mp4,285,True,False,False,,TRACK,
VeryLowLight.mp4,286,True,False,False,,TRACK,
VeryLowLight.mp4,287,True,False,False,,TRACK,
VeryLowLight.mp4,288,True,False,False,,TRACK,
VeryLowLight.mp4,289,True,False,False,,TRACK,
VeryLowLight.mp4,290,True,False,False,,TRACK,
VeryLowLight.mp4,291,True,False,False,,TRACK,
VeryLowLight.mp4,292,True,False,False,,TRACK,
VeryLowLight.mp4,293,True,False,False,,TRACK,
VeryLowLight.mp4,294,True,False,False,,TRACK,
VeryLowLight.mp4,295,True,False,False,,TRACK,
VeryLowLight.mp4,296,True,False,False,,TRACK,
VeryLowLight.mp4,297,True,False,False,,TRACK,
VeryLowLight.mp4,298,True,True,False,0.698784,TRACK,0.99866
VeryLowLight.mp4,299,True,False,False,,TRACK,
VeryLowLight.mp4,300,True,False,False,,TRACK,
VeryLowLight.mp4,301,True,False,False,,TRACK,
VeryLowLight.mp4,302,True,False,False,,TRACK,
VeryLowLight.mp4,303,True,False,False,,TRACK,
VeryLowLight.mp4,304,True,False,False,,TRACK,
VeryLowLight.mp4,305,True,False,False,,TRACK,
VeryLowLight.mp4,306,True,False,False,,TRACK,
VeryLowLight.mp4,307,True,False,False,,TRACK,
VeryLowLight.mp4,308,True,False,False,,TRACK,
VeryLowLight.mp4,309,True,False,False,,TRACK,
VeryLowLight.mp4,310,True,False,False,,TRACK,
VeryLowLight.mp4,311,True,False,False,,TRACK,
VeryLowLight.mp4,312,True,False,False,,TRACK,
VeryLowLight.mp4,313,True,False,False,,TRACK,
VeryLowLight.mp4,314,True,False,False,,TRACK,
VeryLowLight.mp4,315,True,False,False,,TRACK,
VeryLowLight.mp4,316,True,False,False,,TRACK,
VeryLowLight.mp4,317,True,False,False,,TRACK,
VeryLowLight.mp4,318,True,False,False,,TRACK,
VeryLowLight.mp4,319,True,False,False,,TRACK,
VeryLowLight.mp4,320,True,False,False,,TRACK,
VeryLowLight.mp4,321,True,False,False,,TRACK,
VeryLowLight.mp4,322,True,False,False,,TRACK,
VeryLowLight.mp4,323,True,False,False,,TRACK,
VeryLowLight.mp4,324,True,False,False,,TRACK,
VeryLowLight.mp4,325,True,False,False,,TRACK,
VeryLowLight.mp4,326,True,False,False,,TRACK,
VeryLowLight.mp4,327,True,False,False,,TRACK,
VeryLowLight.mp4,328,True,False,False,,TRACK,
VeryLowLight.mp4,329,True,False,False,,TRACK,
VeryLowLight.mp4,330,True,False,False,,TRACK,
VeryLowLight.mp4,331,True,False,False,,TRACK,
VeryLowLight.mp4,332,True,False,False,,TRACK,
VeryLowLight.mp4,333,True,False,False,,TRACK,
VeryLowLight.mp4,334,True,True,False,0.644114,TRACK,0.737725
VeryLowLight.mp4,335,True,True,False,0.633571,TRACK,0.734682
VeryLowLight.mp4,336,True,False,False,,TRACK,
VeryLowLight.mp4,337,True,False,False,,TRACK,
VeryLowLight.mp4,338,True,True,True,0.024679,TRACK,0.940366
VeryLowLight.mp4,339,True,False,False,,TRACK,
VeryLowLight.mp4,340,True,False,False,,TRACK,
VeryLowLight.mp4,341,True,False,False,,TRACK,
VeryLowLight.mp4,342,True,False,False,,TRACK,
VeryLowLight.mp4,343,True,False,False,,TRACK,
VeryLowLight.mp4,344,True,False,False,,TRACK,
VeryLowLight.mp4,345,True,True,False,0.458147,TRACK,0.965134
VeryLowLight.mp4,346,True,False,False,,TRACK,
VeryLowLight.mp4,347,True,False,False,,TRACK,
VeryLowLight.mp4,348,True,False,False,,TRACK,
VeryLowLight.mp4,349,True,False,False,,TRACK,
VeryLowLight.mp4,350,True,False,False,,TRACK,
VeryLowLight.mp4,351,True,True,False,0.561245,TRACK,0.998093
VeryLowLight.mp4,352,True,False,False,,TRACK,
VeryLowLight.mp4,353,True,False,False,,TRACK,
VeryLowLight.mp4,354,True,False,False,,TRACK,
VeryLowLight.mp4,355,True,True,False,0.62284,TRACK,0.689629
VeryLowLight.mp4,356,True,False,False,,TRACK,
VeryLowLight.mp4,357,True,False,False,,TRACK,
VeryLowLight.mp4,358,True,True,False,0.198472,TRACK,0.845417
VeryLowLight.mp4,359,True,True,True,0.034276,TRACK,0.868221
VeryLowLight.mp4,360,True,True,True,0.033397,TRACK,0.998871
VeryLowLight.mp4,361,True,True,False,0.066221,TRACK,0.931349
VeryLowLight.mp4,362,True,False,False,,TRACK,
VeryLowLight.mp4,363,True,True,False,0.221673,TRACK,0.795499
VeryLowLight.mp4,364,True,False,False,,TRACK,
VeryLowLight.mp4,365,True,True,False,0.242852,TRACK,0.943846
VeryLowLight.mp4,366,False,False,False,,TRACK,
VeryLowLight.mp4,367,False,False,False,,TRACK,
VeryLowLight.mp4,368,False,False,False,,TRACK,
VeryLowLight.mp4,369,False,False,False,,TRACK,
VeryLowLight.mp4,370,False,False,False,,TRACK,
VeryLowLight.mp4,371,False,False,False,,TRACK,
VeryLowLight.mp4,372,False,False,False,,TRACK,
VeryLowLight.mp4,373,False,False,False,,TRACK,
VeryLowLight.mp4,374,True,False,False,,TRACK,
VeryLowLight.mp4,375,True,False,False,,TRACK,
VeryLowLight.mp4,376,True,False,False,,TRACK,
VeryLowLight.mp4,377,True,False,False,,TRACK,
VeryLowLight.mp4,378,True,False,False,,TRACK,
VeryLowLight.mp4,379,True,False,False,,TRACK,
VeryLowLight.mp4,380,True,True,True,0.054705,TRACK,0.83638
VeryLowLight.mp4,381,True,False,False,,TRACK,
VeryLowLight.mp4,382,True,True,True,0.051636,TRACK,0.656302
VeryLowLight.mp4,383,True,True,True,0.057535,TRACK,0.993531
VeryLowLight.mp4,384,True,True,True,0.052153,TRACK,0.8445
VeryLowLight.mp4,385,True,True,True,0.055108,TRACK,0.982651
VeryLowLight.mp4,386,True,True,True,0.057619,TRACK,0.994608
VeryLowLight.mp4,387,True,True,True,0.057082,TRACK,0.832098
VeryLowLight.mp4,388,True,True,True,0.052574,TRACK,0.938309
VeryLowLight.mp4,389,True,True,True,0.055414,TRACK,0.900918
VeryLowLight.mp4,390,True,True,False,0.06069,TRACK,0.947495
VeryLowLight.mp4,391,True,True,True,0.055963,TRACK,0.992092
VeryLowLight.mp4,392,True,False,False,,TRACK,
VeryLowLight.mp4,393,True,False,False,,TRACK,
VeryLowLight.mp4,394,True,False,False,,TRACK,
VeryLowLight.mp4,395,True,False,False,,TRACK,
VeryLowLight.mp4,396,True,False,False,,TRACK,
VeryLowLight.mp4,397,True,True,False,0.150977,TRACK,0.910621
VeryLowLight.mp4,398,True,False,False,,TRACK,
VeryLowLight.mp4,399,True,False,False,,TRACK,
VeryLowLight.mp4,400,True,True,False,0.065191,TRACK,0.75854
VeryLowLight.mp4,401,True,False,False,,TRACK,
VeryLowLight.mp4,402,True,False,False,,TRACK,
VeryLowLight.mp4,403,True,False,False,,TRACK,
VeryLowLight.mp4,404,True,False,False,,TRACK,
VeryLowLight.mp4,405,True,False,False,,TRACK,
VeryLowLight.mp4,406,True,False,False,,TRACK,
VeryLowLight.mp4,407,True,False,False,,TRACK,
VeryLowLight.mp4,408,True,False,False,,TRACK,
VeryLowLight.mp4,409,True,False,False,,TRACK,
VeryLowLight.mp4,410,True,False,False,,TRACK,
VeryLowLight.mp4,411,True,False,False,,TRACK,
VeryLowLight.mp4,412,True,False,False,,TRACK,
VeryLowLight.mp4,413,True,False,False,,TRACK,
VeryLowLight.mp4,414,True,True,False,0.095189,TRACK,0.743028
VeryLowLight.mp4,415,True,False,False,,TRACK,
VeryLowLight.mp4,416,True,False,False,,TRACK,
VeryLowLight.mp4,417,True,False,False,,TRACK,
VeryLowLight.mp4,418,True,False,False,,TRACK,
VeryLowLight.mp4,419,False,False,False,,TRACK,
VeryLowLight.mp4,420,False,False,False,,TRACK,
VeryLowLight.mp4,421,False,True,False,,TRACK,0.959583
VeryLowLight.mp4,422,False,False,False,,TRACK,
VeryLowLight.mp4,423,False,False,False,,TRACK,
VeryLowLight.mp4,424,False,False,False,,TRACK,
VeryLowLight.mp4,425,False,False,False,,TRACK,
VeryLowLight.mp4,426,False,False,False,,TRACK,
VeryLowLight.mp4,427,False,False,False,,TRACK,
VeryLowLight.mp4,428,False,False,False,,TRACK,
VeryLowLight.mp4,429,False,True,False,,TRACK,0.999447
VeryLowLight.mp4,430,False,False,False,,TRACK,
VeryLowLight.mp4,431,False,False,False,,TRACK,
VeryLowLight.mp4,432,False,False,False,,TRACK,
VeryLowLight.mp4,433,False,False,False,,TRACK,
VeryLowLight.mp4,434,False,False,False,,TRACK,
VeryLowLight.mp4,435,False,False,False,,TRACK,
VeryLowLight.mp4,436,False,False,False,,TRACK,
VeryLowLight.mp4,437,False,False,False,,TRACK,
VeryLowLight.mp4,438,False,False,False,,TRACK,
VeryLowLight.mp4,439,False,False,False,,TRACK,
VeryLowLight.mp4,440,False,False,False,,TRACK,
VeryLowLight.mp4,441,False,False,False,,TRACK,
VeryLowLight.mp4,442,False,False,False,,TRACK,
VeryLowLight.mp4,443,False,False,False,,TRACK,
VeryLowLight.mp4,444,False,False,False,,TRACK,
VeryLowLight.mp4,445,False,False,False,,TRACK,
VeryLowLight.mp4,446,False,False,False,,TRACK,
VeryLowLight.mp4,447,False,False,False,,TRACK,
VeryLowLight.mp4,448,False,False,False,,TRACK,
VeryLowLight.mp4,449,False,False,False,,TRACK,
VeryLowLight.mp4,450,False,False,False,,TRACK,
VeryLowLight.mp4,451,False,False,False,,TRACK,
VeryLowLight.mp4,452,False,False,False,,TRACK,
VeryLowLight.mp4,453,False,False,False,,TRACK,
VeryLowLight.mp4,454,False,False,False,,TRACK,
VeryLowLight.mp4,455,False,False,False,,TRACK,
VeryLowLight.mp4,456,False,False,False,,TRACK,
VeryLowLight.mp4,457,False,False,False,,TRACK,
VeryLowLight.mp4,458,False,False,False,,TRACK,
VeryLowLight.mp4,459,False,False,False,,TRACK,
VeryLowLight.mp4,460,False,False,False,,TRACK,
VeryLowLight.mp4,461,False,False,False,,TRACK,
VeryLowLight.mp4,462,False,False,False,,TRACK,
VeryLowLight.mp4,463,False,False,False,,TRACK,
VeryLowLight.mp4,464,False,False,False,,TRACK,
VeryLowLight.mp4,465,False,False,False,,TRACK,
VeryLowLight.mp4,466,False,False,False,,TRACK,
VeryLowLight.mp4,467,False,False,False,,TRACK,
VeryLowLight.mp4,468,False,False,False,,TRACK,
VeryLowLight.mp4,469,False,False,False,,TRACK,
VeryLowLight.mp4,470,False,False,False,,TRACK,
VeryLowLight.mp4,471,False,False,False,,TRACK,
VeryLowLight.mp4,472,False,False,False,,TRACK,
VeryLowLight.mp4,473,False,False,False,,TRACK,
VeryLowLight.mp4,474,False,False,False,,TRACK,
VeryLowLight.mp4,475,False,False,False,,REACQUIRE,
VeryLowLight.mp4,476,False,False,False,,REACQUIRE,
VeryLowLight.mp4,477,False,False,False,,REACQUIRE,
VeryLowLight.mp4,478,False,False,False,,REACQUIRE,
VeryLowLight.mp4,479,False,False,False,,REACQUIRE,
VeryLowLight.mp4,480,False,False,False,,REACQUIRE,
VeryLowLight.mp4,481,False,False,False,,REACQUIRE,
VeryLowLight.mp4,482,False,False,False,,REACQUIRE,
VeryLowLight.mp4,483,False,False,False,,REACQUIRE,
VeryLowLight.mp4,484,False,False,False,,REACQUIRE,
VeryLowLight.mp4,485,False,False,False,,REACQUIRE,
VeryLowLight.mp4,486,False,False,False,,REACQUIRE,
VeryLowLight.mp4,487,False,False,False,,REACQUIRE,
VeryLowLight.mp4,488,False,False,False,,REACQUIRE,
VeryLowLight.mp4,489,False,False,False,,REACQUIRE,
VeryLowLight.mp4,490,False,False,False,,REACQUIRE,
VeryLowLight.mp4,491,False,False,False,,REACQUIRE,
VeryLowLight.mp4,492,False,False,False,,REACQUIRE,
VeryLowLight.mp4,493,False,False,False,,REACQUIRE,
VeryLowLight.mp4,494,False,False,False,,REACQUIRE,
VeryLowLight.mp4,495,False,False,False,,REACQUIRE,
VeryLowLight.mp4,496,False,False,False,,REACQUIRE,
VeryLowLight.mp4,497,False,False,False,,REACQUIRE,
VeryLowLight.mp4,498,False,False,False,,REACQUIRE,
VeryLowLight.mp4,499,False,False,False,,REACQUIRE,
VeryLowLight.mp4,500,False,False,False,,REACQUIRE,
VeryLowLight.mp4,501,False,False,False,,REACQUIRE,
VeryLowLight.mp4,502,False,False,False,,REACQUIRE,
VeryLowLight.mp4,503,False,False,False,,REACQUIRE,
VeryLowLight.mp4,504,False,False,False,,REACQUIRE,
VeryLowLight.mp4,505,False,False,False,,REACQUIRE,
VeryLowLight.mp4,506,False,False,False,,REACQUIRE,
VeryLowLight.mp4,507,False,False,False,,REACQUIRE,
VeryLowLight.mp4,508,False,False,False,,REACQUIRE,
VeryLowLight.mp4,509,False,False,False,,REACQUIRE,
VeryLowLight.mp4,510,False,False,False,,REACQUIRE,
VeryLowLight.mp4,511,True,False,False,,REACQUIRE,
VeryLowLight.mp4,512,True,False,False,,REACQUIRE,
VeryLowLight.mp4,513,True,False,False,,REACQUIRE,
VeryLowLight.mp4,514,True,False,False,,REACQUIRE,
VeryLowLight.mp4,515,True,False,False,,REACQUIRE,
VeryLowLight.mp4,516,True,True,True,0.046924,REACQUIRE,
VeryLowLight.mp4,517,True,True,True,0.047089,REACQUIRE,
VeryLowLight.mp4,518,True,False,False,,TRACK,
VeryLowLight.mp4,519,True,False,False,,TRACK,
VeryLowLight.mp4,520,True,True,False,0.200323,TRACK,0.998175
VeryLowLight.mp4,521,True,True,True,0.048105,TRACK,0.999995
VeryLowLight.mp4,522,True,True,True,0.046873,TRACK,0.999998
VeryLowLight.mp4,523,True,True,True,0.04078,TRACK,1.0
VeryLowLight.mp4,524,True,False,False,,TRACK,
VeryLowLight.mp4,525,True,False,False,,TRACK,
VeryLowLight.mp4,526,True,False,False,,TRACK,
VeryLowLight.mp4,527,True,False,False,,TRACK,
VeryLowLight.mp4,528,True,False,False,,TRACK,
VeryLowLight.mp4,529,True,False,False,,TRACK,
VeryLowLight.mp4,530,True,False,False,,TRACK,
VeryLowLight.mp4,531,True,True,True,0.047599,TRACK,0.998506
VeryLowLight.mp4,532,True,True,False,0.110751,TRACK,0.74491
VeryLowLight.mp4,533,True,True,True,0.043534,TRACK,0.99959
VeryLowLight.mp4,534,True,False,False,,TRACK,
VeryLowLight.mp4,535,True,True,True,0.040036,TRACK,0.941884
VeryLowLight.mp4,536,True,True,True,0.044214,TRACK,0.911125
VeryLowLight.mp4,537,True,True,True,0.054171,TRACK,0.698964
VeryLowLight.mp4,538,True,True,True,0.050244,TRACK,0.987305
VeryLowLight.mp4,539,True,False,False,,TRACK,
VeryLowLight.mp4,540,True,False,False,,TRACK,
VeryLowLight.mp4,541,True,False,False,,TRACK,
VeryLowLight.mp4,542,True,False,False,,TRACK,
VeryLowLight.mp4,543,True,False,False,,TRACK,
VeryLowLight.mp4,544,True,False,False,,TRACK,
VeryLowLight.mp4,545,True,False,False,,TRACK,
VeryLowLight.mp4,546,True,False,False,,TRACK,
VeryLowLight.mp4,547,True,False,False,,TRACK,
VeryLowLight.mp4,548,True,False,False,,TRACK,
VeryLowLight.mp4,549,True,False,False,,TRACK,
VeryLowLight.mp4,550,True,False,False,,TRACK,
VeryLowLight.mp4,551,False,False,False,,TRACK,
VeryLowLight.mp4,552,True,False,False,,TRACK,
VeryLowLight.mp4,553,True,False,False,,TRACK,
VeryLowLight.mp4,554,True,False,False,,TRACK,
VeryLowLight.mp4,555,True,False,False,,TRACK,
VeryLowLight.mp4,556,True,False,False,,TRACK,
VeryLowLight.mp4,557,True,False,False,,TRACK,
VeryLowLight.mp4,558,True,False,False,,TRACK,
VeryLowLight.mp4,559,True,False,False,,TRACK,
VeryLowLight.mp4,560,True,False,False,,TRACK,
VeryLowLight.mp4,561,True,False,False,,TRACK,
VeryLowLight.mp4,562,True,False,False,,TRACK,
VeryLowLight.mp4,563,True,False,False,,TRACK,
VeryLowLight.mp4,564,True,False,False,,TRACK,
VeryLowLight.mp4,565,True,False,False,,TRACK,
VeryLowLight.mp4,566,True,True,False,0.163341,TRACK,0.999628
VeryLowLight.mp4,567,True,False,False,,TRACK,
VeryLowLight.mp4,568,True,False,False,,TRACK,
VeryLowLight.mp4,569,True,True,False,0.210528,TRACK,0.992421
VeryLowLight.mp4,570,True,True,True,0.063707,TRACK,0.954772
VeryLowLight.mp4,571,True,False,False,,TRACK,
VeryLowLight.mp4,572,True,False,False,,TRACK,
VeryLowLight.mp4,573,True,False,False,,TRACK,
VeryLowLight.mp4,574,True,False,False,,TRACK,
VeryLowLight.mp4,575,True,False,False,,TRACK,
VeryLowLight.mp4,576,False,False,False,,TRACK,
VeryLowLight.mp4,577,False,False,False,,TRACK,
VeryLowLight.mp4,578,False,False,False,,TRACK,
VeryLowLight.mp4,579,False,False,False,,TRACK,
VeryLowLight.mp4,580,False,False,False,,TRACK,
VeryLowLight.mp4,581,True,False,False,,TRACK,
VeryLowLight.mp4,582,True,False,False,,TRACK,
VeryLowLight.mp4,583,True,False,False,,TRACK,
VeryLowLight.mp4,584,True,False,False,,TRACK,
VeryLowLight.mp4,585,True,False,False,,TRACK,
VeryLowLight.mp4,586,True,True,False,0.222225,TRACK,0.999622
VeryLowLight.mp4,587,True,True,False,0.225631,TRACK,0.99999
VeryLowLight.mp4,588,True,False,False,,TRACK,
VeryLowLight.mp4,589,True,True,False,0.22441,TRACK,0.994306
VeryLowLight.mp4,590,True,True,False,0.227785,TRACK,0.999999
VeryLowLight.mp4,591,True,True,False,0.234145,TRACK,0.999997
VeryLowLight.mp4,592,True,True,False,0.212473,TRACK,0.934297
VeryLowLight.mp4,593,True,True,False,0.194662,TRACK,0.999954
VeryLowLight.mp4,594,True,True,False,0.086785,TRACK,0.936949
VeryLowLight.mp4,595,True,False,False,,TRACK,
VeryLowLight.mp4,596,True,True,False,0.345394,TRACK,0.978304
VeryLowLight.mp4,597,True,False,False,,TRACK,
VeryLowLight.mp4,598,True,False,False,,TRACK,
VeryLowLight.mp4,599,True,True,True,0.068042,TRACK,0.999917
VeryLowLight.mp4,600,True,True,False,0.109332,TRACK,0.998621
VeryLowLight.mp4,601,True,False,False,,TRACK,
VeryLowLight.mp4,602,True,True,False,0.086384,TRACK,0.995915
VeryLowLight.mp4,603,True,True,True,0.059693,TRACK,0.999969
VeryLowLight.mp4,604,True,True,True,0.078733,TRACK,1.0
VeryLowLight.mp4,605,True,True,False,0.092907,TRACK,0.999995
VeryLowLight.mp4,606,True,True,False,0.09665,TRACK,0.999997
VeryLowLight.mp4,607,True,True,False,0.100117,TRACK,0.999978
VeryLowLight.mp4,608,True,True,False,0.092607,TRACK,0.998291
VeryLowLight.mp4,609,True,True,False,0.099957,TRACK,0.996451
VeryLowLight.mp4,610,True,True,True,0.08106,TRACK,0.943576
VeryLowLight.mp4,611,True,False,False,,TRACK,
VeryLowLight.mp4,612,True,False,False,,TRACK,
VeryLowLight.mp4,613,True,False,False,,TRACK,
VeryLowLight.mp4,614,True,False,False,,TRACK,
VeryLowLight.mp4,615,True,True,False,0.092059,TRACK,0.999941
VeryLowLight.mp4,616,True,False,False,,TRACK,
VeryLowLight.mp4,617,True,False,False,,TRACK,
VeryLowLight.mp4,618,True,False,False,,TRACK,
VeryLowLight.mp4,619,True,False,False,,TRACK,
VeryLowLight.mp4,620,True,False,False,,TRACK,
VeryLowLight.mp4,621,True,False,False,,TRACK,
VeryLowLight.mp4,622,True,True,False,0.109914,TRACK,0.713781
VeryLowLight.mp4,623,True,True,False,0.116813,TRACK,0.986216
VeryLowLight.mp4,624,True,True,True,0.093115,TRACK,0.80924
VeryLowLight.mp4,625,True,False,False,,TRACK,
VeryLowLight.mp4,626,True,False,False,,TRACK,
VeryLowLight.mp4,627,True,False,False,,TRACK,
VeryLowLight.mp4,628,True,False,False,,TRACK,
VeryLowLight.mp4,629,True,True,False,0.120899,TRACK,0.999988
VeryLowLight.mp4,630,True,True,False,0.118523,TRACK,0.988906
VeryLowLight.mp4,631,True,False,False,,TRACK,
VeryLowLight.mp4,632,True,True,True,0.014126,TRACK,0.733982
VeryLowLight.mp4,633,True,False,False,,TRACK,
VeryLowLight.mp4,634,True,True,True,0.090243,TRACK,0.971761
VeryLowLight.mp4,635,True,True,False,0.115166,TRACK,0.999886
VeryLowLight.mp4,636,True,False,False,,TRACK,
VeryLowLight.mp4,637,True,False,False,,TRACK,
VeryLowLight.mp4,638,True,False,False,,TRACK,
VeryLowLight.mp4,639,True,False,False,,TRACK,
VeryLowLight.mp4,640,True,False,False,,TRACK,
VeryLowLight.mp4,641,True,True,True,0.079103,TRACK,0.939861
VeryLowLight.mp4,642,True,True,True,0.050029,TRACK,0.962725
VeryLowLight.mp4,643,False,False,False,,TRACK,
VeryLowLight.mp4,644,False,False,False,,TRACK,
VeryLowLight.mp4,645,False,False,False,,TRACK,
VeryLowLight.mp4,646,False,False,False,,TRACK,
VeryLowLight.mp4,647,False,True,False,,TRACK,0.857662
VeryLowLight.mp4,648,False,True,False,,TRACK,0.999563
VeryLowLight.mp4,649,False,True,False,,TRACK,0.992397
VeryLowLight.mp4,650,False,True,False,,TRACK,0.992496
VeryLowLight.mp4,651,False,True,False,,TRACK,0.989862
