clips,a,b,b_only_a_correct,c_only_b_correct,p_mcnemar,f1_a,f1_b,f1_diff,boot_lo,boot_hi,boot_mean,n_frames,p_holm,significant
hand,mp_raw,ours_default,553,38,3.1406286914277227e-118,0.8155102040816328,0.5028453181583032,0.3126648859233295,0.22578629819626217,0.4028819757481942,0.31486749969201017,1553,2.8265658222849504e-117,True
hand,mp_raw,ours_big61,538,60,4.872740060588083e-97,0.8155102040816328,0.5254745254745254,0.29003567860710733,0.19466407362557037,0.38432760503712043,0.29171718922890216,1553,3.4109180424116577e-96,True
hand,mp_raw,dark_v3,608,84,6.6007945643365615e-99,0.8155102040816328,0.4882108183079057,0.3272993857737271,0.24411269795909565,0.4136047482594938,0.3279654217279502,1553,5.280635651469249e-98,True
hand,mp_raw,dark_v4,638,57,3.0589774426054794e-125,0.8155102040816328,0.4536842105263158,0.36182599355531697,0.2814527251098764,0.4451492755276232,0.36269313342028026,1553,3.0589774426054795e-124,True
hand,mp_raw,mp_clahe,55,29,0.0060379576322632045,0.8155102040816328,0.8039867109634551,0.011523493118177686,-0.00228393278445021,0.025444500539718994,0.011569404784039101,1553,0.018113872896789614,True
hand,mp_raw,mp_gamma,66,30,0.00030559732759326285,0.8155102040816328,0.7981651376146789,0.017345066466953885,0.0016317284356453048,0.03327362961867504,0.017462439640289533,1553,0.0015279866379663142,True
hand,mp_clahe,mp_gamma,43,33,0.3018724904870079,0.8039867109634551,0.7981651376146789,0.005821573348776199,-0.009222629664448779,0.022183066578932976,0.005893034856250433,1553,0.3018724904870079,False
hand,ours_default,ours_big61,54,91,0.0026682080168267575,0.5028453181583032,0.5254745254745254,-0.0226292073162222,-0.06649368155160168,0.01398079192212623,-0.023150310463108007,1553,0.01067283206730703,True
hand,ours_big61,dark_v3,262,216,0.03945436249233099,0.5254745254745254,0.4882108183079057,0.03726370716661975,-0.03636172042148164,0.10253613840015598,0.03624823249904802,1553,0.07890872498466198,False
hand,dark_v3,dark_v4,112,55,1.222641975410893e-05,0.4882108183079057,0.4536842105263158,0.03452660778158989,0.000973186151741229,0.0669970831673061,0.03472771169233015,1553,7.335851852465359e-05,True
all,mp_raw,ours_default,553,38,3.1406286914277227e-118,0.8155102040816328,0.5028453181583032,0.3126648859233295,0.22761410957220446,0.39911775350202733,0.3135782189385029,1651,2.8265658222849504e-117,True
all,mp_raw,ours_big61,538,60,4.872740060588083e-97,0.8155102040816328,0.5254745254745254,0.29003567860710733,0.20039039006487414,0.3815337555658467,0.29059368820147596,1651,3.4109180424116577e-96,True
all,mp_raw,dark_v3,608,84,6.6007945643365615e-99,0.8155102040816328,0.4882108183079057,0.3272993857737271,0.24917169436054803,0.4128935946272676,0.3297602271797973,1651,5.280635651469249e-98,True
all,mp_raw,dark_v4,638,57,3.0589774426054794e-125,0.8155102040816328,0.4536842105263158,0.36182599355531697,0.27622141577509585,0.44728414174385517,0.36438718383434177,1651,3.0589774426054795e-124,True
all,mp_raw,mp_clahe,55,29,0.0060379576322632045,0.8155102040816328,0.8039867109634551,0.011523493118177686,-0.0024975792608003975,0.025514432710647697,0.011456221332250854,1651,0.018113872896789614,True
all,mp_raw,mp_gamma,66,30,0.00030559732759326285,0.8155102040816328,0.7981651376146789,0.017345066466953885,0.0020430784493302907,0.0341842707082391,0.01731664504183855,1651,0.0015279866379663142,True
all,mp_clahe,mp_gamma,43,33,0.3018724904870079,0.8039867109634551,0.7981651376146789,0.005821573348776199,-0.008496831585048447,0.022456418068805446,0.005860423709587692,1651,0.3018724904870079,False
all,ours_default,ours_big61,54,91,0.0026682080168267575,0.5028453181583032,0.5254745254745254,-0.0226292073162222,-0.06419271596957835,0.0159629556233297,-0.022984530737026974,1651,0.01067283206730703,True
all,ours_big61,dark_v3,262,216,0.03945436249233099,0.5254745254745254,0.4882108183079057,0.03726370716661975,-0.02777064487278508,0.10106364259387286,0.03916653897832127,1651,0.07890872498466198,False
all,dark_v3,dark_v4,112,55,1.222641975410893e-05,0.4882108183079057,0.4536842105263158,0.03452660778158989,0.0009687990328410904,0.06790852526822283,0.034626956654544516,1651,7.335851852465359e-05,True
