system,clip,kind,frames,truth_frames,accepted,tp,fp,precision,recall,f1,acceptance_rate
ours_default,CloseLightMoving.mp4,hand,174,174,157,143,14,0.910828,0.821839,0.864048,0.902299
ours_big61,CloseLightMoving.mp4,hand,174,174,164,145,19,0.884146,0.833333,0.857988,0.942529
dark_v3,CloseLightMoving.mp4,hand,174,174,155,154,1,0.993548,0.885057,0.93617,0.890805
dark_v4,CloseLightMoving.mp4,hand,174,174,143,143,0,1.0,0.821839,0.902208,0.821839
ours_default,CloseLightStill.mp4,hand,209,209,180,180,0,1.0,0.861244,0.92545,0.861244
ours_big61,CloseLightStill.mp4,hand,209,209,180,180,0,1.0,0.861244,0.92545,0.861244
dark_v3,CloseLightStill.mp4,hand,209,209,150,98,52,0.653333,0.4689,0.545961,0.717703
dark_v4,CloseLightStill.mp4,hand,209,209,97,79,18,0.814433,0.37799,0.51634,0.464115
ours_default,CloseDarkStill.mp4,hand,94,94,83,83,0,1.0,0.882979,0.937853,0.882979
ours_big61,CloseDarkStill.mp4,hand,94,94,77,77,0,1.0,0.819149,0.900585,0.819149
dark_v3,CloseDarkStill.mp4,hand,94,94,55,7,48,0.127273,0.074468,0.09396,0.585106
dark_v4,CloseDarkStill.mp4,hand,94,94,37,4,33,0.108108,0.042553,0.061069,0.393617
ours_default,FarLight.mp4,hand,195,158,34,31,3,0.911765,0.196203,0.322917,0.174359
ours_big61,FarLight.mp4,hand,195,158,80,41,39,0.5125,0.259494,0.344538,0.410256
dark_v3,FarLight.mp4,hand,195,158,145,76,69,0.524138,0.481013,0.50165,0.74359
dark_v4,FarLight.mp4,hand,195,158,79,41,38,0.518987,0.259494,0.345992,0.405128
ours_default,FarDark.mp4,hand,230,198,30,17,13,0.566667,0.085859,0.149123,0.130435
ours_big61,FarDark.mp4,hand,230,198,17,13,4,0.764706,0.065657,0.12093,0.073913
dark_v3,FarDark.mp4,hand,230,198,132,84,48,0.636364,0.424242,0.509091,0.573913
dark_v4,FarDark.mp4,hand,230,198,112,80,32,0.714286,0.40404,0.516129,0.486957
ours_default,NohandLight.mp4,nohand,45,0,0,0,0,nan,nan,nan,0.0
ours_big61,NohandLight.mp4,nohand,45,0,0,0,0,nan,nan,nan,0.0
dark_v3,NohandLight.mp4,nohand,45,0,0,0,0,nan,nan,nan,0.0
dark_v4,NohandLight.mp4,nohand,45,0,0,0,0,nan,nan,nan,0.0
ours_default,NohandDark.mp4,nohand,53,0,0,0,0,nan,nan,nan,0.0
ours_big61,NohandDark.mp4,nohand,53,0,0,0,0,nan,nan,nan,0.0
dark_v3,NohandDark.mp4,nohand,53,0,0,0,0,nan,nan,nan,0.0
dark_v4,NohandDark.mp4,nohand,53,0,0,0,0,nan,nan,nan,0.0
ours_default,VeryLowLight.mp4,hand,651,486,130,32,98,0.246154,0.065844,0.103896,0.199693
ours_big61,VeryLowLight.mp4,hand,651,486,165,70,95,0.424242,0.144033,0.215054,0.253456
dark_v3,VeryLowLight.mp4,hand,651,486,207,109,98,0.52657,0.22428,0.314574,0.317972
dark_v4,VeryLowLight.mp4,hand,651,486,113,84,29,0.743363,0.17284,0.280467,0.173579
mp_raw,CloseLightMoving.mp4,hand,174,174,174,174,0,1.0,1.0,1.0,1.0
mp_clahe,CloseLightMoving.mp4,hand,174,174,174,174,0,1.0,1.0,1.0,1.0
mp_gamma,CloseLightMoving.mp4,hand,174,174,174,174,0,1.0,1.0,1.0,1.0
mp_raw,CloseLightStill.mp4,hand,209,209,209,209,0,1.0,1.0,1.0,1.0
mp_clahe,CloseLightStill.mp4,hand,209,209,209,209,0,1.0,1.0,1.0,1.0
mp_gamma,CloseLightStill.mp4,hand,209,209,209,209,0,1.0,1.0,1.0,1.0
mp_raw,CloseDarkStill.mp4,hand,94,94,94,94,0,1.0,1.0,1.0,1.0
mp_clahe,CloseDarkStill.mp4,hand,94,94,94,94,0,1.0,1.0,1.0,1.0
mp_gamma,CloseDarkStill.mp4,hand,94,94,94,94,0,1.0,1.0,1.0,1.0
mp_raw,FarLight.mp4,hand,195,158,122,105,17,0.860656,0.664557,0.75,0.625641
mp_clahe,FarLight.mp4,hand,195,158,108,102,6,0.944444,0.64557,0.766917,0.553846
mp_gamma,FarLight.mp4,hand,195,158,82,80,2,0.97561,0.506329,0.666667,0.420513
mp_raw,FarDark.mp4,hand,230,198,136,130,6,0.955882,0.656566,0.778443,0.591304
mp_clahe,FarDark.mp4,hand,230,198,126,122,4,0.968254,0.616162,0.753086,0.547826
mp_gamma,FarDark.mp4,hand,230,198,132,128,4,0.969697,0.646465,0.775758,0.573913
mp_raw,NohandLight.mp4,nohand,45,0,0,0,0,nan,nan,nan,0.0
mp_clahe,NohandLight.mp4,nohand,45,0,0,0,0,nan,nan,nan,0.0
mp_gamma,NohandLight.mp4,nohand,45,0,0,0,0,nan,nan,nan,0.0
mp_raw,NohandDark.mp4,nohand,53,0,0,0,0,nan,nan,nan,0.0
mp_clahe,NohandDark.mp4,nohand,53,0,0,0,0,nan,nan,nan,0.0
mp_gamma,NohandDark.mp4,nohand,53,0,0,0,0,nan,nan,nan,0.0
mp_raw,VeryLowLight.mp4,hand,651,486,396,287,109,0.724747,0.590535,0.650794,0.608295
mp_clahe,VeryLowLight.mp4,hand,651,486,378,267,111,0.706349,0.549383,0.618056,0.580645
mp_gamma,VeryLowLight.mp4,hand,651,486,388,272,116,0.701031,0.559671,0.622426,0.596006
