system,role,frames,truth_frames,accepted,tp,fp,precision,recall,f1,acceptance_rate
ours_default,train,250,211,83,21,62,0.253012,0.099526,0.142857,0.332
ours_default,val,151,126,18,3,15,0.166667,0.02381,0.041667,0.119205
ours_default,test,250,149,29,8,21,0.275862,0.053691,0.089888,0.116
ours_big61,train,250,211,80,35,45,0.4375,0.165877,0.24055,0.32
ours_big61,val,151,126,49,25,24,0.510204,0.198413,0.285714,0.324503
ours_big61,test,250,149,36,10,26,0.277778,0.067114,0.108108,0.144
dark_v3,train,250,211,74,46,28,0.621622,0.218009,0.322807,0.296
dark_v3,val,151,126,52,13,39,0.25,0.103175,0.146067,0.344371
dark_v3,test,250,149,81,50,31,0.617284,0.33557,0.434783,0.324
dark_v4,train,250,211,52,37,15,0.711538,0.175355,0.281369,0.208
dark_v4,val,151,126,13,7,6,0.538462,0.055556,0.100719,0.086093
dark_v4,test,250,149,48,40,8,0.833333,0.268456,0.406091,0.192
mp_raw,train,250,211,202,109,93,0.539604,0.516588,0.527845,0.808
mp_raw,val,151,126,72,68,4,0.944444,0.539683,0.686869,0.476821
mp_raw,test,250,149,122,110,12,0.901639,0.738255,0.811808,0.488
mp_clahe,train,250,211,201,105,96,0.522388,0.49763,0.509709,0.804
mp_clahe,val,151,126,61,58,3,0.95082,0.460317,0.620321,0.403974
mp_clahe,test,250,149,116,104,12,0.896552,0.697987,0.784906,0.464
mp_gamma,train,250,211,204,102,102,0.5,0.483412,0.491566,0.816
mp_gamma,val,151,126,70,66,4,0.942857,0.52381,0.673469,0.463576
mp_gamma,test,250,149,114,104,10,0.912281,0.697987,0.790875,0.456
