epoch,train_loss_mean,train_loss_sd,val_loss_mean,val_loss_sd,n_seeds
1,0.435888,0.011339,0.501352,0.207468,10
2,0.319443,0.012916,0.446972,0.430955,10
3,0.268371,0.01131,0.547732,0.346246,10
4,0.239317,0.01046,0.436982,0.313656,10
5,0.214368,0.010401,0.544034,0.487862,10
6,0.192625,0.008726,0.426146,0.329363,10
7,0.170529,0.006368,0.532739,0.482211,10
8,0.15034,0.009167,0.640381,0.448792,10
9,0.131729,0.007253,0.384747,0.213527,10
10,0.113559,0.008152,0.321729,0.117707,10
11,0.102453,0.007996,0.356412,0.177873,10
12,0.085287,0.006947,0.61883,0.58081,10
13,0.073704,0.009062,0.433967,0.204845,10
14,0.066199,0.010245,0.502508,0.328055,10
15,0.053574,0.007302,0.2831,0.103136,10
